order_id ,product_id ,quantity ,total_price
600,42,1,19187
1433,31,2,109674
1870,65,1,80053
1481,72,1,28435
109,91,3,36504
1474,20,4,73144
1361,53,1,84749
462,9,3,322680
64,10,3,242862
289,93,1,90445
61,84,3,8610
1208,43,1,11681
310,95,1,10925
481,45,1,83119
1377,33,2,26130
1723,28,1,14657
460,68,1,6469
859,98,2,118196
1954,14,3,322419
1648,20,1,18286
868,81,4,125152
1465,67,1,30927
1314,74,2,113012
1640,30,2,12290
1830,38,3,44631
1166,29,1,23764
986,87,1,19236
788,7,1,32711
492,70,4,48160
1298,49,1,61642
145,32,1,21660
224,96,1,94837
1390,59,1,128900
1577,37,1,2249
1778,68,1,6469
482,73,4,360368
1865,94,1,32444
713,12,3,359826
1265,74,1,56506
824,70,2,24080
104,69,2,27126
1380,54,1,14600
1272,43,3,35043
1869,85,1,3355
437,4,1,27983
1889,22,2,23972
1008,63,2,247084
1349,71,2,15578
1730,40,1,86599
1799,43,2,23362
1372,100,3,79353
166,66,1,37917
798,43,1,11681
881,1,2,37456
1829,92,1,43938
1718,30,1,6145
1485,92,1,43938
1939,43,1,11681
493,78,1,26269
1287,30,4,24580
922,51,2,94618
1390,42,1,19187
1852,40,1,86599
600,29,1,23764
115,90,1,48184
1511,78,4,105076
1484,50,2,70670
1578,93,3,271335
176,44,2,24466
725,71,2,15578
121,13,1,77776
243,29,1,23764
1494,58,1,102455
1846,50,4,141340
1272,5,1,72645
929,7,2,65422
1978,77,2,76716
1232,46,2,180350
669,97,1,91197
1246,83,1,8424
291,49,2,123284
475,94,1,32444
1867,28,1,14657
227,50,2,70670
901,41,1,11114
1090,32,1,21660
1723,49,1,61642
1996,47,1,75451
1330,54,2,29200
1065,96,1,94837
1676,46,1,90175
1333,32,2,43320
1900,52,2,38622
111,56,1,83501
1532,55,4,150100
450,69,2,27126
1341,4,4,111932
1852,34,1,16296
470,60,2,92290
673,12,2,239884
795,31,1,54837
1644,9,2,215120
1416,52,1,19311
275,58,3,307365
697,31,2,109674
438,52,2,38622
235,30,1,6145
1023,96,2,189674
584,29,1,23764
1304,74,2,113012
1165,22,1,11986
1922,3,2,178076
1335,17,2,79144
1263,56,2,167002
1599,44,1,12233
943,91,4,48672
193,28,4,58628
1070,13,3,233328
61,30,1,6145
807,85,3,10065
1999,37,1,2249
1531,80,1,15160
176,91,4,48672
1370,14,1,107473
230,90,1,48184
940,65,3,240159
1569,13,2,155552
1776,94,1,32444
1847,86,2,15328
799,86,2,15328
889,4,1,27983
1184,59,1,128900
1180,10,4,323816
431,22,2,23972
104,15,2,247694
145,18,1,5900
1046,44,1,12233
360,97,3,273591
217,43,1,11681
270,71,1,7789
102,28,4,58628
1388,16,3,418806
801,90,2,96368
58,41,4,44456
1857,98,1,59098
797,26,1,31932
1982,61,1,132454
387,61,1,132454
13,72,1,28435
1580,29,1,23764
1166,81,1,31288
1721,16,1,139602
335,16,1,139602
1840,94,1,32444
1829,50,4,141340
1958,17,1,39572
173,51,4,189236
1491,61,1,132454
1664,86,4,30656
40,49,4,246568
956,35,1,16427
1762,33,3,39195
624,82,1,4775
276,73,1,90092
1642,64,1,50610
707,32,1,21660
625,64,2,101220
764,23,1,36455
957,6,1,69980
1318,98,1,59098
140,1,4,74912
763,35,1,16427
123,30,2,12290
632,59,2,257800
939,6,3,209940
292,73,1,90092
416,40,1,86599
1289,99,2,10984
365,8,3,178560
440,22,1,11986
1533,97,1,91197
753,42,2,38374
1463,10,2,161908
1208,52,2,38622
1687,72,1,28435
1111,36,3,15198
1679,92,2,87876
693,78,2,52538
127,24,4,477908
746,97,4,364788
1286,60,1,46145
1524,94,1,32444
1440,84,2,5740
957,44,1,12233
1572,48,2,68392
1901,76,1,29417
1009,44,1,12233
459,92,2,87876
352,7,2,65422
1339,49,1,61642
784,49,1,61642
53,5,1,72645
68,87,1,19236
1152,27,2,152096
1472,25,3,25821
1536,99,4,21968
8,70,2,24080
138,66,1,37917
786,97,1,91197
286,36,1,5066
1040,11,1,85699
4,46,1,90175
264,7,1,32711
607,82,2,9550
1232,55,2,75050
128,27,2,152096
404,67,1,30927
1921,2,1,39576
1674,73,2,180184
409,49,1,61642
857,96,1,94837
1678,96,1,94837
1580,47,3,226353
41,46,1,90175
1522,33,2,26130
43,91,4,48672
1821,43,1,11681
948,33,1,13065
1360,77,1,38358
1196,63,3,370626
781,10,1,80954
660,77,2,76716
547,16,2,279204
1903,64,2,101220
1395,3,1,89038
1430,74,1,56506
586,81,3,93864
1569,99,1,5492
1262,20,3,54858
1127,84,2,5740
1279,97,1,91197
215,7,1,32711
962,17,1,39572
1068,28,4,58628
397,53,1,84749
854,12,4,479768
822,68,1,6469
535,98,1,59098
1632,96,1,94837
1784,69,1,13563
1970,53,4,338996
1394,8,2,119040
1432,7,3,98133
978,92,1,43938
79,71,3,23367
747,32,1,21660
1054,93,1,90445
306,40,1,86599
616,31,3,164511
1950,17,1,39572
951,25,1,8607
1950,45,1,83119
478,88,2,4606
138,4,2,55966
1705,78,1,26269
949,97,2,182394
760,17,1,39572
907,77,1,38358
1523,61,2,264908
355,37,1,2249
44,49,1,61642
347,55,1,37525
201,47,2,150902
1295,49,2,123284
946,63,4,494168
359,82,1,4775
290,5,2,145290
1272,51,2,94618
459,43,1,11681
164,15,1,123847
410,31,1,54837
295,83,2,16848
773,76,1,29417
999,87,1,19236
1161,7,3,98133
957,2,1,39576
1356,15,1,123847
1760,93,1,90445
687,79,4,105744
1934,59,1,128900
1321,37,1,2249
1506,42,2,38374
1148,75,1,7368
1762,91,3,36504
1894,12,1,119942
862,68,2,12938
714,51,3,141927
76,22,2,23972
703,2,4,158304
66,76,2,58834
1627,93,2,180890
1596,37,3,6747
242,55,2,75050
1682,48,3,102588
200,74,1,56506
466,75,1,7368
650,85,2,6710
1625,1,1,18728
1039,89,4,34568
1719,49,1,61642
1638,100,1,26451
1927,48,1,34196
709,46,2,180350
314,21,2,36656
1166,49,1,61642
1065,36,2,10132
711,61,1,132454
675,91,1,12168
1031,7,3,98133
1660,25,2,17214
1472,43,1,11681
1099,32,2,43320
943,56,4,334004
1542,93,2,180890
521,61,1,132454
771,46,1,90175
358,31,3,164511
1558,69,1,13563
503,7,1,32711
1459,10,1,80954
801,38,1,14877
726,78,1,26269
1839,100,3,79353
459,83,2,16848
842,26,1,31932
1751,5,3,217935
1872,89,1,8642
485,12,2,239884
324,66,4,151668
516,62,1,99242
1605,47,1,75451
1018,81,1,31288
1641,49,2,123284
1610,34,1,16296
1836,65,1,80053
60,82,1,4775
1604,66,2,75834
277,33,3,39195
1875,42,2,38374
1850,59,1,128900
1697,30,2,12290
1926,41,1,11114
1991,26,1,31932
36,50,2,70670
1277,79,2,52872
988,25,3,25821
1085,13,1,77776
885,90,2,96368
997,95,2,21850
127,23,4,145820
1636,37,2,4498
1769,92,2,87876
620,7,4,130844
1785,54,2,29200
228,91,3,36504
1888,6,1,69980
1516,75,1,7368
27,6,1,69980
1296,72,1,28435
1028,50,2,70670
643,75,1,7368
1959,31,2,109674
721,92,1,43938
75,62,3,297726
473,39,1,6484
695,95,1,10925
1134,49,4,246568
966,51,3,141927
1694,63,4,494168
1565,36,3,15198
1302,63,3,370626
1694,64,1,50610
1266,7,4,130844
1701,88,1,2303
1316,36,2,10132
230,86,1,7664
1404,78,2,52538
616,78,2,52538
979,77,1,38358
643,97,1,91197
605,15,1,123847
1135,40,1,86599
230,61,2,264908
1186,85,2,6710
918,66,1,37917
1249,60,4,184580
1731,35,1,16427
231,76,3,88251
1391,96,1,94837
978,15,2,247694
1266,30,1,6145
594,63,2,247084
265,12,1,119942
696,64,1,50610
1025,81,1,31288
71,18,2,11800
1426,44,4,48932
528,18,2,11800
252,58,1,102455
574,76,1,29417
889,75,1,7368
558,8,2,119040
785,9,3,322680
156,45,2,166238
1860,74,1,56506
1903,98,4,236392
539,82,2,9550
645,24,4,477908
1857,54,1,14600
252,15,1,123847
1400,37,1,2249
1405,11,2,171398
449,43,1,11681
1115,27,3,228144
1523,38,1,14877
554,16,1,139602
869,35,3,49281
1686,22,2,23972
1637,99,1,5492
992,78,1,26269
1742,43,1,11681
173,66,1,37917
523,5,2,145290
1836,21,3,54984
843,72,2,56870
251,79,4,105744
264,39,1,6484
141,59,1,128900
422,99,1,5492
1359,58,3,307365
1492,87,1,19236
727,98,1,59098
958,64,1,50610
1098,50,1,35335
1319,48,3,102588
96,99,2,10984
1301,46,2,180350
1814,70,2,24080
214,85,4,13420
325,33,4,52260
1417,7,3,98133
1148,47,3,226353
889,38,1,14877
952,26,1,31932
960,96,2,189674
1296,66,1,37917
1832,75,1,7368
972,19,3,57555
407,53,1,84749
558,3,2,178076
1723,74,2,113012
1507,40,1,86599
739,54,4,58400
302,89,1,8642
944,26,4,127728
519,7,1,32711
436,41,4,44456
1030,96,1,94837
766,25,4,34428
234,29,3,71292
1134,3,2,178076
1966,92,1,43938
1737,85,1,3355
623,73,4,360368
1184,36,1,5066
12,97,2,182394
960,52,1,19311
996,29,1,23764
41,32,2,43320
766,81,1,31288
781,98,2,118196
747,32,1,21660
1954,18,1,5900
1056,33,1,13065
299,16,1,139602
1339,6,2,139960
1686,40,2,173198
1473,17,1,39572
1852,29,2,47528
711,98,1,59098
250,12,1,119942
675,94,2,64888
590,68,1,6469
285,34,2,32592
1552,40,1,86599
1115,97,2,182394
129,14,4,429892
1496,8,2,119040
913,16,2,279204
1428,14,2,214946
161,55,2,75050
1783,18,1,5900
754,19,1,19185
1917,68,2,12938
1539,3,4,356152
158,83,1,8424
1522,38,2,29754
1925,7,2,65422
644,72,3,85305
1703,18,2,11800
134,46,2,180350
347,73,1,90092
571,61,2,264908
1455,80,2,30320
1090,94,3,97332
685,5,2,145290
823,92,2,87876
1591,100,1,26451
196,61,1,132454
1562,9,1,107560
338,75,2,14736
172,12,2,239884
1993,76,2,58834
538,60,4,184580
187,23,1,36455
581,18,1,5900
1421,44,2,24466
1828,45,1,83119
1856,95,1,10925
1599,24,1,119477
1493,72,4,113740
981,45,1,83119
608,1,3,56184
598,62,1,99242
409,9,1,107560
1633,34,1,16296
1734,90,2,96368
776,10,4,323816
1472,87,1,19236
377,69,3,40689
479,17,1,39572
36,100,1,26451
1906,66,2,75834
472,90,2,96368
1317,87,2,38472
1413,12,1,119942
1979,83,1,8424
1009,38,1,14877
454,17,4,158288
1637,40,1,86599
585,54,1,14600
636,22,3,35958
705,21,3,54984
371,20,2,36572
1671,58,2,204910
1775,81,3,93864
418,39,2,12968
441,24,2,238954
1702,47,4,301804
1502,35,1,16427
469,16,1,139602
312,99,2,10984
687,49,1,61642
1025,90,1,48184
624,36,4,20264
302,50,4,141340
1531,6,3,209940
222,69,1,13563
987,38,3,44631
612,82,3,14325
914,60,1,46145
425,39,2,12968
1679,35,3,49281
1581,19,2,38370
154,29,1,23764
1293,41,1,11114
636,74,1,56506
1839,45,4,332476
1800,28,1,14657
1775,58,1,102455
336,44,1,12233
472,70,2,24080
1609,54,1,14600
1223,17,1,39572
1654,99,4,21968
1289,29,2,47528
176,44,2,24466
1478,19,1,19185
1776,36,1,5066
1029,34,2,32592
1778,100,2,52902
1153,98,2,118196
1919,27,3,228144
1557,10,4,323816
615,56,2,167002
1723,16,1,139602
1463,81,1,31288
447,20,1,18286
1678,53,1,84749
1002,23,1,36455
320,97,1,91197
1256,94,1,32444
739,60,1,46145
1933,74,1,56506
19,64,1,50610
608,11,2,171398
1269,89,1,8642
1866,72,1,28435
135,10,4,323816
1660,62,1,99242
1132,28,1,14657
1815,78,2,52538
1069,75,4,29472
473,4,1,27983
992,70,1,12040
975,54,3,43800
51,22,1,11986
659,66,2,75834
440,99,1,5492
1229,53,3,254247
1848,38,2,29754
1543,48,1,34196
615,17,1,39572
139,27,2,152096
1207,3,1,89038
998,30,1,6145
306,85,2,6710
571,42,1,19187
1617,59,1,128900
1548,29,2,47528
1868,8,2,119040
217,85,3,10065
814,84,1,2870
905,21,1,18328
760,26,1,31932
174,3,2,178076
321,60,3,138435
650,21,1,18328
1204,95,1,10925
104,70,3,36120
1474,6,2,139960
157,19,3,57555
1721,62,4,396968
1263,62,1,99242
352,72,1,28435
985,42,1,19187
80,85,1,3355
483,6,2,139960
396,89,2,17284
797,93,4,361780
664,48,1,34196
141,65,3,240159
305,42,1,19187
570,49,2,123284
1476,3,1,89038
749,93,2,180890
1222,41,2,22228
1028,27,2,152096
663,3,1,89038
1265,72,1,28435
700,77,2,76716
1331,92,3,131814
266,76,1,29417
334,15,2,247694
1349,47,4,301804
635,38,1,14877
535,34,1,16296
1483,89,3,25926
585,24,1,119477
853,53,2,169498
885,91,1,12168
74,94,2,64888
958,84,2,5740
1915,31,1,54837
292,62,4,396968
1440,82,3,14325
454,99,1,5492
738,76,2,58834
56,20,1,18286
1007,24,1,119477
701,96,2,189674
638,31,2,109674
529,65,1,80053
1541,65,1,80053
1550,46,1,90175
1679,70,1,12040
1732,75,2,14736
913,90,1,48184
819,72,3,85305
879,74,1,56506
1863,3,2,178076
417,10,1,80954
1791,50,1,35335
805,92,2,87876
1534,42,4,76748
206,93,1,90445
1586,66,1,37917
1831,9,1,107560
1568,16,1,139602
1665,12,2,239884
1507,67,1,30927
193,98,1,59098
775,6,2,139960
367,30,1,6145
983,98,4,236392
1793,48,1,34196
1423,79,1,26436
1747,20,1,18286
724,24,1,119477
1054,37,1,2249
309,52,1,19311
531,21,4,73312
1720,68,3,19407
448,84,1,2870
1076,37,3,6747
1645,78,1,26269
195,39,2,12968
1238,22,1,11986
1501,77,1,38358
1259,76,1,29417
232,63,2,247084
1100,62,1,99242
1002,88,1,2303
1839,81,1,31288
1666,9,1,107560
1140,13,2,155552
982,11,1,85699
1889,93,2,180890
384,8,1,59520
796,34,1,16296
502,4,2,55966
1671,60,1,46145
1823,43,2,23362
1356,79,3,79308
627,21,2,36656
1230,41,2,22228
1044,92,2,87876
17,67,2,61854
415,28,4,58628
978,89,2,17284
941,40,1,86599
989,88,1,2303
1970,100,1,26451
1239,63,4,494168
1240,45,2,166238
980,84,1,2870
1313,74,4,226024
409,38,2,29754
1853,96,1,94837
1318,25,1,8607
910,60,2,92290
715,63,1,123542
990,1,2,37456
1953,33,4,52260
73,79,1,26436
1348,76,2,58834
1933,89,2,17284
43,95,2,21850
1267,87,2,38472
1892,6,1,69980
214,78,3,78807
1592,88,2,4606
151,5,1,72645
525,23,1,36455
1781,46,1,90175
1792,28,3,43971
732,54,2,29200
546,28,4,58628
604,31,2,109674
346,72,1,28435
32,2,3,118728
1860,49,1,61642
1602,3,1,89038
94,30,2,12290
765,9,4,430240
291,75,1,7368
1263,69,1,13563
871,55,1,37525
1009,82,2,9550
1897,32,2,43320
844,56,3,250503
1660,84,3,8610
1568,62,2,198484
32,80,1,15160
107,100,1,26451
351,17,2,79144
539,6,1,69980
664,95,1,10925
711,57,2,133438
1868,86,4,30656
141,51,3,141927
684,11,1,85699
499,52,1,19311
808,100,1,26451
357,79,2,52872
1824,13,2,155552
1828,66,2,75834
1075,87,4,76944
769,15,2,247694
355,1,2,37456
1539,21,2,36656
347,83,1,8424
682,77,1,38358
583,67,1,30927
447,4,2,55966
1356,23,2,72910
1857,48,1,34196
1373,47,2,150902
1166,51,1,47309
216,21,1,18328
1,4,3,83949
730,55,1,37525
409,7,1,32711
80,72,1,28435
1230,86,4,30656
262,84,1,2870
1354,34,2,32592
1450,41,1,11114
58,76,2,58834
857,4,1,27983
275,32,1,21660
1958,72,1,28435
1406,70,2,24080
881,13,1,77776
1258,19,3,57555
823,55,1,37525
147,6,2,139960
1091,61,2,264908
627,72,3,85305
1631,70,1,12040
1840,75,1,7368
892,49,1,61642
1516,63,3,370626
1640,70,1,12040
119,49,1,61642
1730,87,1,19236
1087,19,2,38370
629,100,2,52902
26,68,2,12938
1884,16,2,279204
444,72,2,56870
1057,12,2,239884
453,11,2,171398
172,78,3,78807
672,89,1,8642
1288,93,3,271335
1791,46,2,180350
1086,59,1,128900
632,22,1,11986
528,75,1,7368
672,39,1,6484
288,85,1,3355
1364,28,1,14657
94,20,1,18286
980,32,2,43320
489,11,1,85699
1263,38,1,14877
1293,19,3,57555
617,52,3,57933
1801,95,2,21850
671,75,1,7368
316,6,3,209940
1939,4,4,111932
397,31,1,54837
156,82,1,4775
1599,41,2,22228
466,31,1,54837
1325,88,1,2303
1189,70,2,24080
839,52,2,38622
1777,34,4,65184
1081,10,2,161908
1092,64,1,50610
1940,7,3,98133
1511,87,1,19236
472,6,2,139960
626,40,1,86599
1432,21,2,36656
1608,92,2,87876
1049,28,1,14657
1754,28,3,43971
111,35,2,32854
1232,89,2,17284
623,23,2,72910
1842,3,1,89038
1571,71,1,7789
23,34,2,32592
1336,21,2,36656
1745,31,2,109674
1563,37,3,6747
73,20,1,18286
744,74,1,56506
180,37,2,4498
532,15,1,123847
1147,43,1,11681
1402,25,2,17214
79,7,1,32711
1681,4,4,111932
668,38,4,59508
276,96,3,284511
1862,1,3,56184
1537,98,1,59098
1436,46,1,90175
1585,53,2,169498
1698,48,2,68392
505,89,1,8642
1892,64,1,50610
34,60,2,92290
418,81,1,31288
62,1,2,37456
1140,26,1,31932
40,79,1,26436
1831,13,1,77776
4,9,2,215120
1908,8,2,119040
1813,1,1,18728
1633,52,1,19311
425,55,2,75050
996,40,1,86599
1616,29,3,71292
201,6,1,69980
573,87,2,38472
684,63,2,247084
1665,48,3,102588
1678,99,2,10984
1686,44,1,12233
1412,88,1,2303
697,94,2,64888
180,41,2,22228
1452,62,1,99242
1529,55,1,37525
1238,43,3,35043
1527,73,4,360368
1463,17,1,39572
341,64,2,101220
633,59,3,386700
650,20,1,18286
438,26,1,31932
166,64,4,202440
1554,84,2,5740
945,61,1,132454
72,34,2,32592
512,37,1,2249
1653,10,4,323816
430,85,3,10065
1256,97,2,182394
1244,84,3,8610
1195,69,2,27126
1628,61,2,264908
1514,37,2,4498
858,95,4,43700
1072,70,4,48160
1204,73,4,360368
193,63,1,123542
40,70,1,12040
1572,53,2,169498
493,19,2,38370
332,83,1,8424
946,98,1,59098
131,4,1,27983
939,73,1,90092
1462,45,1,83119
1786,56,1,83501
177,19,1,19185
743,21,1,18328
1274,20,2,36572
429,14,2,214946
1739,36,3,15198
198,10,2,161908
1282,8,2,119040
1574,15,2,247694
780,7,1,32711
1653,12,1,119942
1726,94,2,64888
182,1,1,18728
284,72,1,28435
1405,63,2,247084
1115,65,2,160106
756,42,4,76748
735,28,1,14657
1908,16,4,558408
132,50,1,35335
557,90,1,48184
398,26,2,63864
1574,39,1,6484
104,98,4,236392
323,89,2,17284
1896,19,1,19185
1988,88,1,2303
652,90,1,48184
139,76,2,58834
1217,97,4,364788
1330,15,2,247694
1990,15,1,123847
752,93,1,90445
85,90,1,48184
212,39,2,12968
53,42,1,19187
1485,48,1,34196
670,95,3,32775
1485,73,1,90092
437,28,1,14657
823,84,1,2870
1710,9,1,107560
1200,5,1,72645
1083,99,1,5492
956,13,1,77776
891,28,1,14657
1607,37,1,2249
1204,88,1,2303
628,6,1,69980
1479,20,2,36572
566,31,1,54837
1306,20,2,36572
1962,86,1,7664
901,84,1,2870
643,88,1,2303
1050,61,2,264908
1742,32,1,21660
810,64,2,101220
1814,4,1,27983
1180,96,1,94837
1426,85,1,3355
1531,16,2,279204
1369,59,2,257800
1637,40,4,346396
866,12,2,239884
532,31,2,109674
936,85,2,6710
1152,66,2,75834
1095,45,4,332476
1663,60,1,46145
1930,64,1,50610
948,65,1,80053
1632,62,1,99242
1215,10,1,80954
1626,76,1,29417
1271,62,2,198484
1558,27,1,76048
1854,93,3,271335
921,40,1,86599
194,52,1,19311
1273,49,3,184926
1595,14,2,214946
488,66,4,151668
1243,66,1,37917
376,75,2,14736
1594,86,3,22992
338,65,1,80053
211,47,1,75451
404,98,1,59098
1971,19,1,19185
145,28,2,29314
1870,69,2,27126
939,45,1,83119
1289,92,1,43938
864,91,1,12168
835,55,1,37525
991,14,1,107473
1110,15,1,123847
203,55,2,75050
620,39,1,6484
692,59,2,257800
783,42,3,57561
670,75,1,7368
1528,72,1,28435
755,62,2,198484
516,50,1,35335
61,75,1,7368
172,88,4,9212
389,33,3,39195
213,25,1,8607
251,90,2,96368
1872,45,1,83119
1505,85,4,13420
1076,20,2,36572
1080,19,2,38370
1264,70,1,12040
941,50,2,70670
81,23,3,109365
1207,4,1,27983
1104,45,1,83119
1177,35,1,16427
1535,33,4,52260
1296,18,2,11800
1932,91,4,48672
1089,91,2,24336
1175,25,1,8607
233,5,1,72645
1018,21,2,36656
398,66,1,37917
1439,10,1,80954
443,22,4,47944
1450,52,1,19311
942,81,4,125152
1072,17,2,79144
1808,81,4,125152
180,46,1,90175
1333,44,1,12233
1310,50,2,70670
1857,38,2,29754
645,33,4,52260
39,43,3,35043
564,63,2,247084
599,15,4,495388
266,88,2,4606
1798,99,2,10984
1043,24,1,119477
65,48,2,68392
579,71,2,15578
359,10,1,80954
1343,80,1,15160
248,30,3,18435
440,38,2,29754
1861,11,1,85699
169,64,1,50610
1612,54,4,58400
1165,69,2,27126
1629,29,1,23764
1814,64,2,101220
376,15,3,371541
34,7,2,65422
1534,60,2,92290
96,43,2,23362
378,21,1,18328
1893,64,2,101220
442,29,2,47528
344,57,3,200157
1199,24,1,119477
1649,16,1,139602
332,72,2,56870
1522,41,2,22228
1580,11,4,342796
1591,13,3,233328
271,49,1,61642
291,38,2,29754
995,57,1,66719
802,93,1,90445
870,66,2,75834
829,39,2,12968
512,69,2,27126
1465,33,1,13065
767,17,1,39572
1072,35,1,16427
1480,55,1,37525
1566,50,1,35335
1988,99,1,5492
33,48,1,34196
186,43,1,11681
1247,29,3,71292
329,60,2,92290
1230,93,1,90445
574,84,2,5740
1501,67,3,92781
1535,42,1,19187
1646,99,1,5492
1352,12,3,359826
697,81,2,62576
1335,72,2,56870
256,93,3,271335
1439,66,2,75834
438,76,1,29417
1445,1,2,37456
1392,31,2,109674
249,75,1,7368
1622,63,1,123542
1632,77,1,38358
251,57,1,66719
99,61,1,132454
1249,28,1,14657
407,88,1,2303
664,82,2,9550
1012,15,1,123847
1832,17,1,39572
1480,91,1,12168
540,9,1,107560
322,2,2,79152
1995,60,2,92290
110,82,1,4775
1642,73,1,90092
1924,81,1,31288
41,72,4,113740
564,58,4,409820
635,52,2,38622
1381,35,2,32854
335,37,2,4498
1057,23,1,36455
671,74,3,169518
1008,80,1,15160
1564,42,2,38374
1503,71,3,23367
543,44,1,12233
845,67,1,30927
110,79,1,26436
1852,67,1,30927
1107,57,3,200157
586,62,1,99242
690,52,2,38622
604,37,4,8996
228,100,2,52902
904,61,3,397362
1726,1,3,56184
1382,96,1,94837
1966,74,3,169518
567,3,3,267114
459,27,1,76048
1179,75,3,22104
388,51,2,94618
1831,41,2,22228
1975,73,1,90092
1515,97,4,364788
892,82,1,4775
393,46,1,90175
1861,86,1,7664
1040,50,2,70670
1808,16,3,418806
279,42,1,19187
844,92,1,43938
1007,78,1,26269
1104,14,2,214946
305,26,1,31932
1893,98,1,59098
1966,30,3,18435
226,41,1,11114
1569,15,3,371541
1434,49,2,123284
780,95,1,10925
1970,48,1,34196
1813,90,1,48184
507,44,2,24466
1798,3,1,89038
539,85,1,3355
1280,64,3,151830
687,6,4,279920
141,21,1,18328
1505,18,1,5900
1673,77,1,38358
1658,93,2,180890
497,85,1,3355
1618,9,2,215120
158,80,2,30320
1315,51,2,94618
743,21,2,36656
1512,70,1,12040
152,10,1,80954
1292,3,1,89038
181,77,1,38358
1786,51,2,94618
258,36,2,10132
545,47,1,75451
399,44,2,24466
169,91,2,24336
1149,7,2,65422
701,24,1,119477
34,25,1,8607
1386,57,2,133438
557,15,2,247694
586,34,2,32592
146,45,2,166238
1311,81,1,31288
270,76,4,117668
197,65,2,160106
1411,56,2,167002
1382,83,1,8424
732,61,4,529816
1069,33,3,39195
326,52,4,77244
1374,91,2,24336
811,59,2,257800
454,27,2,152096
482,55,1,37525
352,6,2,139960
1800,72,1,28435
1069,97,1,91197
611,63,1,123542
1126,16,3,418806
1906,19,1,19185
1847,37,2,4498
797,10,1,80954
1944,22,1,11986
1849,88,1,2303
1292,51,1,47309
1993,15,1,123847
23,19,2,38370
151,97,2,182394
1153,2,1,39576
1455,94,1,32444
1202,53,4,338996
652,52,3,57933
1312,41,1,11114
672,51,2,94618
1808,39,1,6484
1653,46,1,90175
1097,84,4,11480
115,77,1,38358
1859,5,1,72645
1565,35,2,32854
584,16,4,558408
299,100,2,52902
298,62,1,99242
1502,32,2,43320
1436,33,3,39195
1512,66,2,75834
1210,63,1,123542
165,69,3,40689
417,39,1,6484
819,72,3,85305
1044,64,3,151830
1072,40,4,346396
1221,28,1,14657
1042,52,1,19311
1017,9,4,430240
594,35,4,65708
1338,19,1,19185
1568,43,4,46724
1141,61,2,264908
1471,78,1,26269
1737,39,2,12968
214,31,1,54837
153,87,1,19236
319,34,1,16296
198,47,1,75451
752,23,2,72910
1980,10,1,80954
1307,92,1,43938
1283,35,1,16427
1279,60,1,46145
1924,74,2,113012
782,7,2,65422
1607,43,4,46724
959,36,2,10132
1482,84,1,2870
902,98,1,59098
1807,55,2,75050
1586,71,3,23367
293,31,2,109674
921,86,1,7664
415,86,2,15328
1048,54,2,29200
1096,96,2,189674
1450,20,2,36572
284,55,1,37525
394,4,2,55966
286,79,2,52872
1253,24,1,119477
647,18,2,11800
58,90,2,96368
1453,62,1,99242
1572,22,4,47944
1640,67,1,30927
1399,2,3,118728
49,93,1,90445
1733,56,1,83501
1405,62,1,99242
866,82,2,9550
102,28,1,14657
1845,97,1,91197
1356,74,1,56506
1322,7,4,130844
1114,31,2,109674
1206,24,2,238954
285,72,4,113740
483,70,1,12040
1846,49,2,123284
679,90,1,48184
1501,82,1,4775
1692,64,1,50610
1615,2,3,118728
405,94,1,32444
507,73,3,270276
772,11,1,85699
1351,15,1,123847
1095,90,2,96368
1123,25,2,17214
266,88,2,4606
461,28,2,29314
1005,25,1,8607
1870,84,2,5740
1882,52,4,77244
553,6,1,69980
426,32,1,21660
99,99,1,5492
1927,52,1,19311
189,2,2,79152
573,35,1,16427
96,15,1,123847
466,1,2,37456
20,10,1,80954
1926,85,2,6710
440,87,2,38472
1004,7,1,32711
1176,12,2,239884
1016,49,4,246568
1274,92,2,87876
632,80,1,15160
232,23,2,72910
1884,80,1,15160
107,42,3,57561
562,64,2,101220
37,58,1,102455
1343,66,3,113751
1023,15,2,247694
214,72,1,28435
1418,4,1,27983
1526,37,1,2249
1658,35,3,49281
610,39,2,12968
671,53,1,84749
384,92,1,43938
234,33,4,52260
1414,16,3,418806
1420,87,1,19236
325,46,3,270525
1045,69,1,13563
772,87,2,38472
1655,12,1,119942
1242,71,1,7789
901,3,1,89038
1318,43,2,23362
1593,68,1,6469
1059,89,1,8642
1623,40,1,86599
1093,13,3,233328
1450,91,1,12168
590,40,2,173198
939,16,3,418806
714,56,1,83501
1562,78,1,26269
336,90,1,48184
1107,95,2,21850
475,50,2,70670
714,52,1,19311
1946,15,1,123847
1054,60,2,92290
1277,39,2,12968
1863,12,3,359826
338,54,1,14600
829,68,1,6469
1269,63,1,123542
1545,2,4,158304
1685,32,2,43320
853,53,2,169498
1948,64,3,151830
1517,38,1,14877
1599,99,1,5492
80,95,1,10925
51,13,1,77776
453,49,4,246568
1255,85,1,3355
14,57,1,66719
1590,60,1,46145
1283,69,1,13563
416,25,4,34428
1005,20,3,54858
1789,96,1,94837
1913,12,1,119942
929,13,1,77776
192,24,1,119477
1459,5,3,217935
779,34,3,48888
1690,91,1,12168
46,100,4,105804
768,81,2,62576
786,29,3,71292
28,29,1,23764
1720,85,1,3355
1919,75,4,29472
636,71,1,7789
1,46,1,90175
1978,30,1,6145
1186,17,3,118716
544,35,2,32854
3,60,1,46145
1801,46,1,90175
1765,81,2,62576
39,64,2,101220
627,91,1,12168
1892,14,1,107473
1475,64,2,101220
326,8,3,178560
215,83,1,8424
1233,91,3,36504
672,75,2,14736
1402,96,1,94837
85,10,1,80954
1125,28,3,43971
649,89,2,17284
285,72,2,56870
419,6,1,69980
1397,94,3,97332
833,49,4,246568
332,83,1,8424
505,65,1,80053
525,43,2,23362
380,88,2,4606
1297,15,1,123847
427,6,1,69980
1080,59,3,386700
1435,40,1,86599
97,64,3,151830
1021,65,1,80053
547,12,1,119942
92,40,1,86599
887,78,3,78807
958,83,2,16848
1737,67,1,30927
122,32,1,21660
594,17,2,79144
1727,31,1,54837
1202,16,1,139602
343,100,1,26451
1299,80,2,30320
1051,76,2,58834
1730,77,2,76716
1486,68,3,19407
586,20,3,54858
1525,92,1,43938
1478,2,2,79152
1307,50,1,35335
1783,95,3,32775
1201,84,2,5740
1592,3,2,178076
532,90,1,48184
1735,80,1,15160
356,57,2,133438
1846,84,1,2870
1160,11,1,85699
644,19,1,19185
853,73,1,90092
154,5,4,290580
943,22,1,11986
1467,10,4,323816
991,58,2,204910
1430,97,1,91197
171,25,1,8607
527,53,2,169498
946,96,3,284511
252,49,1,61642
1232,72,2,56870
1928,84,3,8610
1075,11,1,85699
1096,34,1,16296
1218,76,2,58834
268,5,1,72645
955,12,1,119942
13,43,1,11681
89,78,2,52538
1491,53,1,84749
231,76,2,58834
88,17,1,39572
909,25,1,8607
356,60,1,46145
518,96,2,189674
1456,72,2,56870
1102,90,2,96368
1166,3,1,89038
1089,58,3,307365
1711,97,3,273591
1857,45,1,83119
1338,38,1,14877
1926,90,1,48184
535,53,1,84749
176,41,2,22228
1460,80,1,15160
746,89,1,8642
168,34,1,16296
918,12,4,479768
1563,47,1,75451
902,2,2,79152
1068,99,4,21968
154,22,2,23972
1204,9,2,215120
416,93,1,90445
326,91,1,12168
1702,95,1,10925
48,9,1,107560
224,79,3,79308
384,10,2,161908
97,56,1,83501
467,97,4,364788
154,56,1,83501
290,57,1,66719
1028,32,1,21660
977,92,2,87876
1165,41,1,11114
241,35,1,16427
83,30,1,6145
1897,76,2,58834
1578,23,1,36455
1592,22,2,23972
230,48,2,68392
665,93,1,90445
1226,24,2,238954
694,95,1,10925
237,95,1,10925
1494,98,2,118196
464,69,2,27126
155,84,1,2870
1522,67,1,30927
887,78,1,26269
577,54,1,14600
1615,23,1,36455
677,49,3,184926
849,91,1,12168
1364,66,2,75834
197,90,1,48184
1999,26,3,95796
334,8,3,178560
277,16,2,279204
325,88,3,6909
1915,16,4,558408
1148,74,1,56506
1871,98,1,59098
830,51,2,94618
1149,78,3,78807
7,28,2,29314
1058,35,1,16427
1195,82,1,4775
1238,32,3,64980
695,46,4,360700
1380,79,1,26436
202,69,4,54252
1681,91,4,48672
1240,69,2,27126
668,100,2,52902
921,67,1,30927
1911,64,3,151830
570,54,1,14600
1510,27,4,304192
100,13,1,77776
1406,14,1,107473
6,45,1,83119
1646,3,2,178076
885,9,1,107560
1179,67,2,61854
538,72,4,113740
127,35,1,16427
1396,85,1,3355
909,78,3,78807
1869,31,1,54837
1075,59,2,257800
1171,37,4,8996
1536,8,2,119040
1614,96,1,94837
1707,80,2,30320
1986,83,1,8424
1904,16,1,139602
942,15,1,123847
905,14,2,214946
360,98,2,118196
1641,90,2,96368
905,58,2,204910
25,92,2,87876
1327,2,4,158304
592,97,1,91197
1202,24,1,119477
653,63,1,123542
1536,5,1,72645
691,11,1,85699
1315,52,2,38622
1842,47,2,150902
1128,23,3,109365
998,9,1,107560
896,58,2,204910
1857,87,2,38472
1126,11,3,257097
863,18,1,5900
236,64,2,101220
443,16,2,279204
560,10,1,80954
499,22,2,23972
1675,33,3,39195
415,77,1,38358
1476,20,1,18286
304,5,1,72645
46,76,2,58834
793,71,2,15578
596,89,1,8642
1731,90,4,192736
1227,90,4,192736
427,89,1,8642
1658,84,1,2870
1452,63,2,247084
912,17,3,118716
1823,81,1,31288
435,43,1,11681
129,21,3,54984
794,33,1,13065
460,12,1,119942
1621,80,2,30320
351,14,3,322419
738,41,2,22228
1319,39,1,6484
99,10,3,242862
1656,92,2,87876
960,35,2,32854
983,35,2,32854
35,36,1,5066
1365,61,1,132454
27,2,2,79152
79,49,2,123284
1021,79,2,52872
291,81,1,31288
740,68,1,6469
117,78,4,105076
581,83,2,16848
238,23,2,72910
1324,34,2,32592
221,56,4,334004
162,60,1,46145
759,58,1,102455
292,87,1,19236
1966,72,3,85305
446,58,3,307365
153,11,2,171398
1645,55,1,37525
1472,51,1,47309
1020,26,1,31932
653,78,1,26269
1177,65,2,160106
587,68,1,6469
815,2,2,79152
1636,1,1,18728
258,86,4,30656
264,46,2,180350
1722,21,3,54984
1495,24,4,477908
162,90,1,48184
272,84,3,8610
139,68,1,6469
1204,64,1,50610
82,46,2,180350
338,64,1,50610
746,15,3,371541
905,21,1,18328
1087,96,4,379348
1166,13,2,155552
481,64,1,50610
869,49,3,184926
1436,69,2,27126
108,25,2,17214
454,72,2,56870
477,56,1,83501
1103,7,1,32711
1181,8,1,59520
1671,6,2,139960
162,81,2,62576
1969,51,1,47309
731,91,1,12168
439,99,3,16476
1950,34,2,32592
1651,52,1,19311
1971,77,1,38358
274,52,1,19311
618,37,1,2249
636,55,3,112575
1169,56,1,83501
1162,93,1,90445
198,84,4,11480
1588,55,1,37525
1678,73,3,270276
648,54,4,58400
1819,17,1,39572
1326,60,2,92290
516,3,1,89038
918,67,1,30927
850,57,2,133438
668,29,3,71292
295,30,2,12290
1796,100,2,52902
1590,78,1,26269
1075,86,1,7664
383,86,2,15328
1454,76,3,88251
314,19,1,19185
907,46,1,90175
19,5,2,145290
270,36,1,5066
1041,58,3,307365
249,46,4,360700
677,69,1,13563
618,27,2,152096
4,27,2,152096
256,5,1,72645
912,8,3,178560
173,43,1,11681
1259,9,1,107560
1531,87,3,57708
1649,32,3,64980
802,16,1,139602
1263,73,1,90092
9,78,2,52538
1048,43,2,23362
481,98,2,118196
1284,17,1,39572
712,61,2,264908
1766,93,3,271335
1037,33,1,13065
1806,23,1,36455
885,47,2,150902
739,68,2,12938
1995,39,1,6484
576,34,1,16296
235,67,1,30927
1804,99,2,10984
801,54,4,58400
639,89,1,8642
1939,64,1,50610
1253,76,1,29417
931,7,2,65422
403,87,2,38472
146,59,4,515600
695,80,1,15160
251,74,1,56506
678,71,2,15578
208,7,1,32711
708,89,1,8642
571,61,1,132454
1610,59,1,128900
1071,6,1,69980
1077,81,2,62576
653,95,2,21850
1388,4,2,55966
442,65,1,80053
1304,58,1,102455
1850,33,1,13065
1941,62,2,198484
1179,8,3,178560
1236,56,1,83501
866,23,3,109365
911,22,3,35958
1166,89,2,17284
1997,89,3,25926
836,49,2,123284
665,63,2,247084
1911,50,2,70670
1496,1,1,18728
1265,28,1,14657
391,54,1,14600
1601,15,1,123847
1085,21,1,18328
1714,18,1,5900
61,29,2,47528
698,93,1,90445
462,91,2,24336
466,21,2,36656
1093,80,4,60640
1887,31,2,109674
1651,93,2,180890
1064,17,3,118716
1587,33,3,39195
1527,18,4,23600
825,39,2,12968
254,52,1,19311
1031,45,1,83119
62,66,1,37917
974,7,4,130844
1466,46,4,360700
1240,14,2,214946
872,14,4,429892
926,21,1,18328
1047,10,3,242862
1409,27,2,152096
295,16,1,139602
1606,79,1,26436
1460,71,1,7789
1264,34,2,32592
272,47,1,75451
1101,96,1,94837
1114,88,3,6909
1743,54,4,58400
242,50,2,70670
1462,87,1,19236
8,2,1,39576
1986,13,2,155552
319,81,1,31288
1535,79,2,52872
207,68,1,6469
301,6,2,139960
260,32,1,21660
1608,6,1,69980
998,51,1,47309
50,57,2,133438
376,59,1,128900
1334,78,1,26269
1284,11,3,257097
674,97,1,91197
1352,78,2,52538
560,47,1,75451
1104,90,1,48184
1286,12,1,119942
1762,3,2,178076
679,47,4,301804
18,77,2,76716
1050,38,3,44631
1981,9,1,107560
369,11,1,85699
654,46,3,270525
1653,49,1,61642
1030,25,1,8607
1966,63,4,494168
520,1,4,74912
1393,21,2,36656
100,68,1,6469
910,68,1,6469
1755,33,2,26130
374,84,3,8610
1890,15,2,247694
1993,45,1,83119
1364,32,2,43320
1928,63,1,123542
567,43,3,35043
270,83,1,8424
1865,93,1,90445
771,75,1,7368
1677,22,1,11986
1378,15,2,247694
1461,33,2,26130
302,46,3,270525
821,54,1,14600
682,50,2,70670
786,11,1,85699
1813,24,2,238954
402,20,2,36572
788,93,2,180890
679,70,1,12040
1544,76,1,29417
1208,37,1,2249
414,35,4,65708
1555,21,1,18328
1477,43,3,35043
1113,58,1,102455
533,72,1,28435
1033,67,1,30927
1279,8,1,59520
1379,36,1,5066
852,57,1,66719
715,45,2,166238
1711,10,3,242862
66,76,1,29417
1425,17,1,39572
585,36,2,10132
1292,32,2,43320
848,42,1,19187
765,61,2,264908
1529,27,4,304192
211,34,1,16296
14,32,1,21660
802,88,1,2303
1017,78,2,52538
1682,38,4,59508
495,57,1,66719
1659,36,4,20264
651,32,2,43320
695,67,3,92781
334,74,1,56506
1868,6,1,69980
1216,3,1,89038
97,83,1,8424
1277,81,1,31288
713,71,1,7789
173,59,3,386700
905,90,1,48184
1536,50,2,70670
654,23,1,36455
1572,30,1,6145
1638,83,2,16848
213,92,2,87876
1816,32,1,21660
107,59,2,257800
1527,90,1,48184
331,84,1,2870
706,69,2,27126
1719,17,2,79144
853,61,4,529816
1703,86,2,15328
648,78,2,52538
360,34,3,48888
1303,34,4,65184
351,45,1,83119
1082,78,2,52538
486,15,1,123847
392,11,1,85699
475,35,1,16427
1445,78,4,105076
1882,30,4,24580
1885,22,2,23972
56,72,3,85305
652,68,1,6469
1888,42,1,19187
867,93,4,361780
868,71,3,23367
948,60,2,92290
944,59,2,257800
461,97,4,364788
773,5,3,217935
964,99,1,5492
717,33,2,26130
867,66,2,75834
1436,49,1,61642
845,98,2,118196
611,54,1,14600
219,14,1,107473
1143,44,1,12233
639,4,1,27983
1404,58,1,102455
1564,90,3,144552
167,95,1,10925
1310,23,1,36455
1078,92,1,43938
596,27,1,76048
1401,79,2,52872
754,83,1,8424
1286,66,2,75834
218,52,1,19311
1018,7,1,32711
318,57,3,200157
636,51,1,47309
1156,54,4,58400
1215,93,2,180890
979,78,2,52538
1884,27,1,76048
151,85,1,3355
1488,62,1,99242
1245,2,3,118728
1733,1,1,18728
989,90,4,192736
1985,62,3,297726
1170,55,1,37525
636,5,1,72645
917,95,1,10925
1644,74,1,56506
1990,31,4,219348
492,65,2,160106
522,27,4,304192
270,80,2,30320
57,40,2,173198
987,76,1,29417
1076,51,4,189236
710,59,4,515600
1705,79,1,26436
789,31,2,109674
1023,77,1,38358
824,59,1,128900
1003,18,1,5900
1047,86,1,7664
1068,22,1,11986
1858,7,1,32711
1920,57,2,133438
309,92,1,43938
1168,53,2,169498
1008,5,3,217935
1838,83,1,8424
850,70,1,12040
1381,30,1,6145
1701,7,1,32711
1989,38,2,29754
1220,69,3,40689
628,52,3,57933
1739,12,2,239884
1514,64,1,50610
822,37,1,2249
1618,34,2,32592
1266,5,4,290580
429,39,4,25936
1937,31,2,109674
1838,85,1,3355
1369,98,2,118196
414,9,1,107560
1573,91,1,12168
1114,84,1,2870
1659,52,1,19311
809,42,1,19187
598,79,1,26436
1453,83,2,16848
1651,95,2,21850
1001,4,1,27983
1488,47,1,75451
1781,13,1,77776
1835,21,1,18328
1445,18,1,5900
189,97,2,182394
1242,51,2,94618
1294,34,1,16296
1023,73,1,90092
1969,64,1,50610
592,81,1,31288
1895,11,1,85699
844,73,2,180184
1930,79,1,26436
90,34,4,65184
1150,56,1,83501
95,89,2,17284
917,81,1,31288
921,83,2,16848
1109,71,1,7789
1884,98,2,118196
1170,40,1,86599
1532,72,3,85305
397,75,2,14736
868,98,1,59098
1647,56,1,83501
1353,58,2,204910
1928,58,1,102455
828,98,2,118196
587,65,1,80053
445,23,1,36455
948,80,2,30320
1022,40,1,86599
1219,1,1,18728
971,95,4,43700
1712,92,2,87876
308,76,1,29417
1195,69,2,27126
177,49,2,123284
336,64,1,50610
1968,41,1,11114
1407,88,1,2303
472,41,1,11114
1654,19,1,19185
278,53,1,84749
252,49,3,184926
1190,83,1,8424
1143,74,3,169518
1386,32,1,21660
1720,55,1,37525
141,65,2,160106
480,49,4,246568
1267,5,4,290580
1154,24,2,238954
56,90,1,48184
1807,21,2,36656
449,99,4,21968
1810,96,2,189674
248,37,2,4498
36,79,1,26436
1463,96,1,94837
421,5,3,217935
1464,97,1,91197
1500,19,2,38370
908,36,2,10132
436,62,1,99242
526,54,2,29200
1673,37,1,2249
1721,66,1,37917
327,6,2,139960
1283,24,1,119477
157,85,2,6710
1139,11,1,85699
488,56,1,83501
1083,50,1,35335
656,92,1,43938
685,54,1,14600
65,32,1,21660
540,4,2,55966
266,58,1,102455
1582,59,1,128900
874,66,2,75834
918,99,2,10984
1166,18,4,23600
916,100,1,26451
625,49,1,61642
1252,52,3,57933
891,67,2,61854
585,33,2,26130
289,89,1,8642
1270,82,1,4775
1758,65,1,80053
610,32,3,64980
943,30,1,6145
527,40,2,173198
212,48,3,102588
1831,96,1,94837
743,89,1,8642
1832,53,2,169498
397,76,2,58834
1334,65,1,80053
1776,21,1,18328
929,53,1,84749
325,57,1,66719
49,32,1,21660
1239,84,4,11480
1641,21,1,18328
1830,40,2,173198
1518,42,1,19187
1336,23,1,36455
1049,67,2,61854
9,14,2,214946
1602,88,2,4606
1115,95,3,32775
140,11,4,342796
1689,100,1,26451
768,21,1,18328
868,95,1,10925
288,56,4,334004
368,6,3,209940
1439,23,1,36455
1294,4,1,27983
777,29,3,71292
884,92,1,43938
1063,41,4,44456
1458,58,1,102455
1582,67,4,123708
156,41,1,11114
680,53,1,84749
456,17,4,158288
1817,82,2,9550
853,24,2,238954
1972,34,1,16296
327,39,4,25936
253,58,2,204910
1389,47,1,75451
318,70,1,12040
747,20,3,54858
1936,58,1,102455
1882,72,1,28435
382,56,1,83501
1701,85,2,6710
1434,72,2,56870
515,44,1,12233
931,39,1,6484
874,23,4,145820
1755,26,2,63864
1140,93,1,90445
737,64,2,101220
1062,96,1,94837
1681,13,2,155552
1439,47,4,301804
325,88,3,6909
1714,54,2,29200
1785,20,2,36572
1035,9,2,215120
779,36,3,15198
1527,26,1,31932
1329,13,2,155552
765,2,2,79152
593,87,2,38472
1978,40,1,86599
1069,55,1,37525
1786,100,4,105804
59,13,1,77776
846,76,1,29417
583,55,1,37525
1838,34,4,65184
54,10,3,242862
288,79,1,26436
1488,15,1,123847
1202,90,3,144552
485,29,4,95056
190,46,2,180350
298,28,1,14657
1277,23,1,36455
1985,51,1,47309
1792,29,2,47528
956,85,1,3355
1109,22,2,23972
986,80,2,30320
436,54,2,29200
1868,22,3,35958
214,64,1,50610
158,2,1,39576
229,85,3,10065
1394,5,4,290580
809,60,3,138435
829,43,1,11681
969,77,1,38358
371,2,1,39576
1355,41,1,11114
1333,40,3,259797
627,27,1,76048
1726,6,1,69980
674,82,1,4775
924,61,2,264908
298,54,1,14600
245,95,1,10925
1592,23,2,72910
415,34,2,32592
740,52,1,19311
1856,60,1,46145
879,6,1,69980
1503,96,2,189674
1206,9,3,322680
503,19,2,38370
1363,46,1,90175
469,97,2,182394
1977,83,1,8424
600,32,1,21660
14,82,2,9550
983,62,1,99242
35,50,3,106005
1827,49,2,123284
1701,17,2,79144
1722,17,1,39572
1096,89,3,25926
11,32,4,86640
1959,88,1,2303
478,39,1,6484
658,47,2,150902
1161,89,1,8642
1598,34,2,32592
1271,90,2,96368
974,53,1,84749
914,53,1,84749
1791,70,3,36120
623,59,1,128900
1435,19,2,38370
684,6,1,69980
1617,59,3,386700
1642,42,1,19187
1084,97,2,182394
1745,57,3,200157
66,73,1,90092
1673,47,1,75451
1194,57,1,66719
488,15,1,123847
544,26,1,31932
1557,49,3,184926
303,90,1,48184
1528,25,1,8607
1743,94,1,32444
821,79,3,79308
1026,10,1,80954
1196,84,3,8610
1598,95,4,43700
985,50,2,70670
1335,82,2,9550
1012,65,2,160106
1451,74,4,226024
46,31,1,54837
789,63,1,123542
1091,88,2,4606
1081,76,1,29417
263,95,2,21850
816,66,1,37917
1634,52,2,38622
203,79,3,79308
87,7,1,32711
1123,73,1,90092
1991,77,1,38358
633,80,1,15160
409,18,2,11800
1399,62,1,99242
102,66,1,37917
1925,62,1,99242
1701,2,1,39576
297,19,1,19185
372,91,2,24336
211,76,1,29417
1700,8,4,238080
54,28,4,58628
1316,36,3,15198
1349,37,2,4498
1872,94,1,32444
281,66,1,37917
340,84,1,2870
1655,73,3,270276
1979,97,2,182394
1337,66,4,151668
727,74,1,56506
633,77,4,153432
1963,68,4,25876
709,82,2,9550
931,18,3,17700
27,58,3,307365
1921,86,2,15328
1908,80,1,15160
1090,15,2,247694
229,31,1,54837
547,92,1,43938
1769,42,1,19187
530,88,1,2303
815,74,1,56506
447,25,2,17214
1144,100,4,105804
1060,64,2,101220
1060,72,1,28435
1321,99,2,10984
1743,37,3,6747
652,92,2,87876
1594,21,2,36656
137,5,3,217935
1574,19,1,19185
1542,64,3,151830
1045,70,4,48160
1178,55,4,150100
1457,57,2,133438
1621,17,1,39572
1449,2,2,79152
1384,82,1,4775
1625,10,2,161908
909,23,4,145820
1991,85,3,10065
1639,59,1,128900
1839,44,2,24466
905,49,3,184926
1476,69,1,13563
416,43,4,46724
1799,13,1,77776
1557,40,1,86599
1971,21,1,18328
1706,57,3,200157
1973,92,1,43938
1206,71,2,15578
1266,55,1,37525
1577,31,1,54837
1487,19,3,57555
1644,11,2,171398
423,96,2,189674
825,32,3,64980
1912,57,1,66719
489,100,1,26451
379,83,3,25272
724,64,1,50610
892,95,1,10925
915,6,2,139960
383,94,1,32444
1437,15,1,123847
1684,6,1,69980
1184,98,1,59098
24,13,3,233328
955,92,1,43938
339,74,1,56506
1103,83,1,8424
671,3,1,89038
686,63,2,247084
190,21,1,18328
1764,66,2,75834
1253,16,1,139602
1866,35,2,32854
621,61,1,132454
581,30,2,12290
1381,70,1,12040
313,18,2,11800
543,81,1,31288
1354,57,1,66719
1366,19,1,19185
1800,2,1,39576
758,3,1,89038
1845,24,2,238954
479,91,1,12168
1484,46,1,90175
1554,40,2,173198
906,59,1,128900
223,69,4,54252
1721,38,1,14877
816,63,1,123542
113,77,1,38358
484,20,1,18286
924,59,4,515600
1020,78,2,52538
1091,97,1,91197
1612,84,1,2870
1021,24,1,119477
764,14,3,322419
85,84,2,5740
702,85,3,10065
51,77,1,38358
1517,51,2,94618
482,83,2,16848
1127,21,2,36656
1699,58,2,204910
174,80,2,30320
1155,11,3,257097
402,6,3,209940
307,69,1,13563
866,92,1,43938
604,29,4,95056
1845,5,3,217935
1554,33,1,13065
805,4,2,55966
229,39,2,12968
1840,9,2,215120
754,72,1,28435
478,35,1,16427
585,37,2,4498
606,15,2,247694
1829,48,1,34196
1837,49,1,61642
1043,97,2,182394
1103,33,1,13065
1106,16,1,139602
600,82,1,4775
818,100,1,26451
245,18,2,11800
365,4,3,83949
1651,74,4,226024
670,72,2,56870
1260,74,1,56506
1279,34,1,16296
1355,21,2,36656
1075,67,4,123708
1205,9,3,322680
24,50,1,35335
1570,30,1,6145
1445,10,2,161908
410,27,2,152096
1081,59,1,128900
1992,87,1,19236
95,16,2,279204
1885,65,2,160106
1535,42,4,76748
956,28,4,58628
409,94,2,64888
1670,35,1,16427
985,13,2,155552
264,57,1,66719
527,76,1,29417
869,59,4,515600
639,19,1,19185
194,82,1,4775
546,51,4,189236
970,87,3,57708
1175,32,2,43320
535,72,1,28435
19,3,1,89038
38,7,1,32711
1869,6,2,139960
1814,42,1,19187
762,53,4,338996
62,73,2,180184
671,65,2,160106
601,77,1,38358
1110,73,1,90092
1579,92,3,131814
1196,99,3,16476
872,66,1,37917
166,13,1,77776
1853,45,3,249357
268,33,1,13065
77,39,3,19452
418,82,2,9550
391,91,1,12168
1950,10,1,80954
1111,38,1,14877
1475,22,3,35958
793,75,3,22104
1817,54,3,43800
1082,7,3,98133
656,98,2,118196
1679,43,3,35043
1352,17,1,39572
1684,2,1,39576
950,91,2,24336
341,22,1,11986
66,26,4,127728
1754,64,1,50610
420,85,1,3355
1477,58,1,102455
1893,52,2,38622
919,66,4,151668
894,10,2,161908
269,50,2,70670
339,72,1,28435
1872,26,3,95796
487,32,1,21660
110,49,2,123284
1717,88,1,2303
720,69,1,13563
832,19,1,19185
1641,63,1,123542
1638,44,2,24466
641,21,2,36656
830,16,1,139602
225,70,2,24080
851,54,3,43800
1858,33,3,39195
1140,42,4,76748
786,22,1,11986
1552,62,1,99242
164,90,2,96368
1712,41,2,22228
94,14,1,107473
1978,25,4,34428
347,79,1,26436
1358,41,1,11114
1073,26,1,31932
1084,66,2,75834
1056,92,1,43938
690,91,1,12168
264,87,1,19236
1378,53,1,84749
1792,40,2,173198
309,46,1,90175
265,95,2,21850
505,70,2,24080
1084,84,1,2870
50,55,1,37525
1543,43,2,23362
1111,83,1,8424
1641,51,3,141927
948,11,2,171398
1181,66,1,37917
1945,36,2,10132
1475,96,1,94837
1346,48,2,68392
761,56,1,83501
220,9,3,322680
947,68,2,12938
1473,8,1,59520
1304,21,1,18328
288,42,1,19187
1922,86,2,15328
1685,91,1,12168
1100,82,1,4775
165,86,1,7664
1314,37,2,4498
946,76,2,58834
1865,33,1,13065
1539,43,4,46724
555,54,4,58400
223,83,2,16848
1899,38,2,29754
326,2,1,39576
243,78,3,78807
779,52,1,19311
1067,24,2,238954
925,75,3,22104
135,34,1,16296
1793,22,1,11986
1119,20,1,18286
269,67,2,61854
311,86,4,30656
1713,28,2,29314
1205,73,2,180184
193,12,1,119942
145,47,1,75451
1678,92,3,131814
1622,84,2,5740
1959,53,3,254247
282,86,2,15328
1514,13,2,155552
231,56,2,167002
1923,91,2,24336
1693,37,2,4498
527,53,1,84749
1935,82,2,9550
1914,64,3,151830
1769,1,1,18728
677,100,3,79353
1662,63,2,247084
1590,52,3,57933
1074,34,4,65184
228,19,1,19185
72,77,1,38358
1557,54,1,14600
579,15,2,247694
130,93,4,361780
1866,77,1,38358
1066,4,1,27983
278,65,2,160106
679,35,1,16427
1983,4,4,111932
251,87,4,76944
1610,95,3,32775
1130,24,1,119477
509,7,2,65422
627,100,2,52902
1888,32,1,21660
1888,3,1,89038
947,13,1,77776
1357,36,3,15198
20,96,1,94837
157,88,1,2303
1658,22,2,23972
764,20,4,73144
1265,37,1,2249
1656,17,2,79144
857,24,2,238954
459,55,1,37525
1080,54,1,14600
1239,54,1,14600
760,67,2,61854
605,39,4,25936
974,15,2,247694
18,62,2,198484
1756,47,1,75451
368,76,1,29417
93,38,1,14877
1177,81,1,31288
181,77,1,38358
1869,92,2,87876
689,47,4,301804
1545,31,3,164511
1773,91,2,24336
1796,32,4,86640
923,59,2,257800
1133,15,4,495388
33,82,3,14325
1015,61,3,397362
144,87,2,38472
1244,16,4,558408
141,3,4,356152
23,11,1,85699
763,97,1,91197
495,69,1,13563
154,91,1,12168
550,73,2,180184
450,83,2,16848
1340,93,1,90445
1608,89,1,8642
1389,88,4,9212
1333,3,1,89038
600,52,4,77244
1671,10,3,242862
1424,33,2,26130
511,67,2,61854
217,52,1,19311
676,54,2,29200
1968,39,4,25936
316,23,1,36455
1935,31,2,109674
742,100,1,26451
573,53,2,169498
61,32,4,86640
1201,26,1,31932
1851,69,4,54252
1499,86,3,22992
826,29,2,47528
97,53,2,169498
686,84,4,11480
445,59,1,128900
1788,23,1,36455
770,20,1,18286
1370,72,2,56870
1659,98,3,177294
942,59,2,257800
158,14,1,107473
1505,99,4,21968
1045,74,2,113012
847,62,1,99242
769,59,2,257800
705,84,2,5740
42,14,4,429892
1598,73,1,90092
752,12,4,479768
1242,1,1,18728
233,60,2,92290
1687,25,2,17214
1395,91,1,12168
1250,34,1,16296
917,62,2,198484
200,2,2,79152
1255,32,1,21660
894,59,2,257800
549,45,2,166238
467,84,3,8610
1627,91,4,48672
451,41,1,11114
818,38,2,29754
1052,98,4,236392
535,90,2,96368
263,52,1,19311
848,59,1,128900
1236,43,2,23362
1658,78,1,26269
1452,33,2,26130
754,53,3,254247
1861,96,1,94837
1231,40,2,173198
273,50,1,35335
1471,62,1,99242
854,46,1,90175
1766,15,1,123847
347,35,2,32854
1146,43,1,11681
156,61,3,397362
918,52,1,19311
1370,53,1,84749
1693,72,1,28435
1169,1,2,37456
466,73,4,360368
1603,38,4,59508
945,72,1,28435
1185,16,2,279204
1275,65,1,80053
601,32,1,21660
1063,14,1,107473
1520,46,1,90175
529,34,1,16296
382,94,2,64888
1754,47,1,75451
1396,57,2,133438
442,43,1,11681
1263,23,4,145820
1430,56,1,83501
1666,26,1,31932
1257,14,1,107473
174,9,1,107560
1502,28,1,14657
707,55,2,75050
117,5,2,145290
1756,41,1,11114
860,45,1,83119
453,74,1,56506
1347,77,1,38358
921,35,4,65708
50,10,1,80954
1741,85,1,3355
646,67,1,30927
202,45,1,83119
1951,84,1,2870
1618,65,1,80053
701,83,1,8424
335,60,1,46145
1429,75,2,14736
1819,98,1,59098
1261,46,2,180350
1990,64,2,101220
739,31,3,164511
1720,51,2,94618
694,7,1,32711
49,70,1,12040
1416,53,1,84749
1872,22,1,11986
1676,14,2,214946
274,82,4,19100
1976,85,2,6710
1730,45,1,83119
825,86,2,15328
349,13,1,77776
450,49,1,61642
498,65,4,320212
741,95,3,32775
960,69,2,27126
1686,22,2,23972
1332,1,1,18728
1612,31,1,54837
1367,75,1,7368
485,42,1,19187
1343,24,2,238954
400,13,1,77776
1044,42,1,19187
459,68,4,25876
1564,2,2,79152
427,91,1,12168
612,54,1,14600
790,18,1,5900
452,36,2,10132
642,29,2,47528
1975,57,2,133438
514,71,1,7789
687,2,1,39576
1126,71,1,7789
703,36,2,10132
1186,38,1,14877
1011,49,3,184926
365,70,4,48160
1643,55,2,75050
629,84,1,2870
1185,60,1,46145
1289,90,1,48184
62,75,1,7368
1032,54,2,29200
1482,4,2,55966
670,92,2,87876
1443,72,1,28435
1817,84,3,8610
90,99,2,10984
342,43,1,11681
1860,63,1,123542
886,44,4,48932
1573,17,2,79144
270,38,4,59508
133,66,1,37917
53,14,1,107473
1680,3,4,356152
541,62,3,297726
1197,62,3,297726
526,26,3,95796
422,54,2,29200
340,4,1,27983
1308,5,2,145290
1269,9,4,430240
1730,76,2,58834
1360,64,2,101220
1864,8,3,178560
526,69,1,13563
1382,56,1,83501
1569,79,3,79308
832,80,1,15160
16,73,4,360368
775,21,2,36656
555,43,1,11681
844,17,1,39572
516,17,4,158288
1841,12,2,239884
1925,88,2,4606
1124,56,2,167002
1533,28,1,14657
1391,74,1,56506
1910,33,2,26130
1321,33,1,13065
420,65,2,160106
1059,48,1,34196
1663,69,2,27126
451,22,2,23972
1257,19,1,19185
400,28,1,14657
422,78,2,52538
1162,12,1,119942
186,54,4,58400
1509,26,1,31932
812,66,2,75834
1699,41,2,22228
1536,4,1,27983
605,93,3,271335
1558,48,1,34196
179,86,1,7664
1893,42,1,19187
1299,60,4,184580
1675,55,2,75050
1537,51,1,47309
403,12,2,239884
174,71,1,7789
1684,36,2,10132
1147,39,1,6484
1556,18,1,5900
411,47,2,150902
761,64,1,50610
1969,60,1,46145
676,52,1,19311
531,45,2,166238
1404,28,1,14657
108,30,4,24580
1793,67,1,30927
1982,75,1,7368
30,91,4,48672
586,10,2,161908
319,48,2,68392
1171,6,1,69980
106,65,1,80053
1172,49,4,246568
39,36,1,5066
1445,24,2,238954
1260,88,3,6909
392,44,1,12233
383,11,2,171398
897,97,2,182394
1414,13,1,77776
206,65,1,80053
1716,96,1,94837
1779,34,1,16296
1634,57,1,66719
87,61,1,132454
1931,32,1,21660
1156,63,2,247084
1482,69,1,13563
616,2,4,158304
463,39,1,6484
187,45,1,83119
522,24,1,119477
192,90,3,144552
1224,80,1,15160
222,92,3,131814
1299,71,1,7789
93,38,4,59508
1682,23,2,72910
554,97,1,91197
813,60,2,92290
350,61,1,132454
107,37,1,2249
1359,30,1,6145
1081,64,2,101220
1011,70,1,12040
102,19,1,19185
274,35,4,65708
1190,86,1,7664
450,77,2,76716
1317,97,4,364788
1829,5,1,72645
534,39,3,19452
1948,1,2,37456
759,98,2,118196
307,7,2,65422
115,84,1,2870
1291,77,4,153432
890,42,1,19187
932,31,2,109674
1031,96,1,94837
505,43,1,11681
380,22,2,23972
983,8,1,59520
764,15,2,247694
1184,39,3,19452
1876,66,2,75834
908,19,1,19185
81,12,1,119942
560,89,4,34568
1585,29,2,47528
1255,33,1,13065
1266,14,2,214946
1071,79,1,26436
84,93,2,180890
943,66,2,75834
1736,41,1,11114
276,45,3,249357
680,99,1,5492
1046,55,1,37525
1561,8,1,59520
1060,25,4,34428
1735,39,1,6484
489,77,1,38358
1081,42,1,19187
1784,25,2,17214
487,96,1,94837
1358,68,2,12938
279,77,1,38358
843,48,1,34196
1847,86,4,30656
1699,27,1,76048
610,97,1,91197
59,32,2,43320
1303,93,3,271335
1762,51,1,47309
1260,71,1,7789
1745,39,1,6484
535,82,4,19100
575,47,1,75451
436,79,1,26436
1412,49,1,61642
346,7,3,98133
122,23,1,36455
1316,36,1,5066
552,31,1,54837
1951,4,1,27983
1874,97,2,182394
347,56,1,83501
1680,87,1,19236
1646,38,2,29754
640,1,1,18728
744,59,2,257800
267,78,3,78807
1034,24,1,119477
1118,86,4,30656
625,54,1,14600
1634,39,4,25936
624,89,1,8642
1826,87,1,19236
1654,12,4,479768
1163,37,1,2249
652,3,2,178076
1120,70,2,24080
203,92,1,43938
1863,17,1,39572
1349,46,2,180350
125,46,2,180350
1575,95,2,21850
1099,72,2,56870
62,58,2,204910
1892,68,2,12938
1493,4,1,27983
172,39,1,6484
675,27,1,76048
224,83,2,16848
705,83,1,8424
1363,64,1,50610
1853,5,4,290580
621,44,3,36699
1865,19,2,38370
1177,3,1,89038
394,21,4,73312
1116,79,1,26436
1802,89,2,17284
1175,12,3,359826
1351,38,1,14877
732,32,2,43320
345,79,1,26436
1489,5,2,145290
440,99,2,10984
436,35,2,32854
846,21,1,18328
1326,37,1,2249
585,77,1,38358
1657,96,1,94837
636,97,2,182394
373,50,1,35335
559,14,1,107473
680,93,2,180890
798,74,1,56506
50,78,2,52538
1973,79,2,52872
1240,55,3,112575
1689,21,3,54984
30,59,4,515600
1337,75,1,7368
742,88,2,4606
1987,94,4,129776
1228,88,3,6909
1733,14,1,107473
564,10,3,242862
359,30,1,6145
1892,22,2,23972
15,77,2,76716
795,43,1,11681
1062,45,2,166238
101,97,2,182394
1610,58,2,204910
120,85,1,3355
725,40,2,173198
1771,5,1,72645
687,95,3,32775
349,20,2,36572
470,27,2,152096
527,14,2,214946
846,45,2,166238
599,53,1,84749
955,19,1,19185
50,33,2,26130
1523,89,2,17284
716,78,1,26269
1950,72,1,28435
1377,27,1,76048
996,65,3,240159
127,52,2,38622
1485,16,2,279204
985,41,2,22228
537,18,1,5900
1271,37,3,6747
83,91,1,12168
1126,44,1,12233
707,40,2,173198
1600,31,1,54837
1383,61,1,132454
10,58,1,102455
861,17,1,39572
232,77,1,38358
1303,50,2,70670
458,19,4,76740
1204,4,1,27983
1036,11,1,85699
398,45,2,166238
1855,3,1,89038
1179,39,1,6484
47,43,2,23362
259,28,2,29314
856,31,3,164511
237,48,1,34196
464,82,1,4775
1489,78,2,52538
321,15,2,247694
1712,83,4,33696
1258,70,1,12040
449,76,1,29417
1452,84,2,5740
449,68,1,6469
1065,9,2,215120
84,78,4,105076
1815,13,2,155552
267,43,1,11681
112,12,1,119942
990,29,3,71292
570,94,1,32444
1222,44,2,24466
1319,68,4,25876
1173,85,2,6710
24,12,2,239884
1404,62,3,297726
1903,79,1,26436
1853,67,2,61854
1163,28,1,14657
1282,83,2,16848
925,4,1,27983
1515,76,1,29417
1625,9,2,215120
562,37,2,4498
1159,84,1,2870
1049,80,1,15160
382,67,1,30927
1564,44,2,24466
1162,98,2,118196
802,78,2,52538
1439,53,1,84749
1998,2,2,79152
1425,44,1,12233
469,65,2,160106
1373,37,1,2249
844,50,4,141340
407,55,1,37525
1520,78,3,78807
73,30,2,12290
1605,9,1,107560
1729,66,1,37917
188,12,1,119942
347,83,4,33696
198,4,2,55966
1412,62,2,198484
1764,71,1,7789
1005,48,1,34196
280,11,1,85699
1116,80,1,15160
865,44,2,24466
1966,42,1,19187
906,83,1,8424
887,31,3,164511
1928,91,2,24336
1658,25,2,17214
978,67,1,30927
139,24,1,119477
1273,87,4,76944
1879,78,1,26269
716,8,2,119040
1909,70,1,12040
1292,53,2,169498
485,79,4,105744
1894,59,1,128900
1682,34,2,32592
1319,14,1,107473
391,2,1,39576
611,85,4,13420
1683,44,1,12233
294,83,2,16848
559,98,1,59098
193,33,2,26130
437,13,1,77776
194,66,2,75834
1890,90,3,144552
1326,26,3,95796
130,72,1,28435
851,19,1,19185
676,62,2,198484
193,22,1,11986
175,59,2,257800
1870,65,4,320212
1005,14,2,214946
509,100,1,26451
1752,75,1,7368
696,100,3,79353
534,5,2,145290
1664,77,3,115074
1824,98,2,118196
768,85,1,3355
1649,53,1,84749
867,33,1,13065
1100,91,1,12168
1027,71,2,15578
1989,9,2,215120
1830,24,1,119477
1070,17,1,39572
1159,99,1,5492
90,17,1,39572
1306,9,1,107560
1299,8,2,119040
1705,13,2,155552
1024,95,1,10925
1256,66,2,75834
511,63,1,123542
116,83,4,33696
1135,28,1,14657
795,25,1,8607
1932,34,2,32592
1185,89,1,8642
1359,50,2,70670
423,38,1,14877
1350,87,2,38472
499,96,3,284511
1083,51,2,94618
1714,24,4,477908
566,99,1,5492
841,78,1,26269
398,1,1,18728
332,53,1,84749
1934,37,2,4498
123,12,1,119942
109,83,1,8424
279,54,2,29200
558,54,2,29200
1062,89,1,8642
781,52,1,19311
1087,9,2,215120
221,14,2,214946
119,3,1,89038
547,75,1,7368
798,74,1,56506
1788,67,4,123708
665,92,1,43938
141,88,1,2303
246,55,4,150100
1298,9,1,107560
1985,46,1,90175
1736,3,1,89038
246,28,2,29314
1510,85,2,6710
1347,2,1,39576
668,68,2,12938
1762,71,1,7789
1343,61,2,264908
1941,58,2,204910
741,80,3,45480
574,57,3,200157
302,9,1,107560
56,18,1,5900
1908,24,4,477908
62,3,3,267114
164,56,2,167002
1572,19,1,19185
1028,39,2,12968
1002,44,1,12233
1801,31,2,109674
1959,79,2,52872
305,74,1,56506
1105,72,4,113740
725,61,1,132454
561,68,1,6469
45,30,3,18435
353,55,2,75050
1943,46,1,90175
1654,5,1,72645
2000,12,2,239884
1132,58,1,102455
260,57,1,66719
1025,77,2,76716
431,36,2,10132
107,19,1,19185
1765,22,2,23972
42,88,1,2303
728,35,1,16427
1322,51,3,141927
677,68,1,6469
488,87,2,38472
1633,45,1,83119
326,6,1,69980
1666,48,2,68392
1825,56,3,250503
1625,14,4,429892
1487,63,1,123542
472,40,1,86599
998,8,1,59520
750,27,1,76048
510,48,1,34196
1387,39,1,6484
1961,78,3,78807
1246,32,2,43320
1224,20,1,18286
1878,57,1,66719
694,77,1,38358
747,40,2,173198
1256,90,1,48184
1849,100,1,26451
35,58,1,102455
59,73,3,270276
1833,88,3,6909
538,58,4,409820
254,22,1,11986
393,68,1,6469
107,97,1,91197
164,96,1,94837
1512,71,1,7789
1325,24,2,238954
306,70,1,12040
473,30,2,12290
1545,9,4,430240
1716,14,1,107473
201,47,3,226353
1619,46,2,180350
91,53,1,84749
304,37,3,6747
68,41,1,11114
1151,42,2,38374
589,21,2,36656
1377,6,4,279920
1523,36,4,20264
1359,9,2,215120
857,17,1,39572
1726,39,3,19452
665,48,1,34196
780,58,2,204910
1114,59,1,128900
894,54,1,14600
1320,82,4,19100
543,67,1,30927
250,14,1,107473
625,1,4,74912
1733,88,4,9212
791,75,1,7368
449,36,2,10132
109,57,3,200157
1986,29,4,95056
1285,81,2,62576
1970,33,2,26130
723,39,3,19452
271,55,2,75050
1864,11,2,171398
98,60,1,46145
1710,9,1,107560
1515,98,4,236392
1375,30,3,18435
1013,23,1,36455
958,21,1,18328
1609,52,1,19311
1962,66,1,37917
1900,1,2,37456
997,37,1,2249
531,57,2,133438
529,55,1,37525
108,33,3,39195
1450,5,2,145290
749,39,1,6484
1844,52,1,19311
1732,89,2,17284
739,33,1,13065
1817,66,1,37917
1398,46,1,90175
45,73,2,180184
1203,64,2,101220
1932,15,1,123847
1048,92,1,43938
243,95,1,10925
1777,28,2,29314
1384,33,2,26130
1295,38,1,14877
720,10,2,161908
744,5,2,145290
1657,98,2,118196
723,7,1,32711
399,76,2,58834
1957,7,1,32711
761,45,2,166238
378,70,1,12040
1595,81,4,125152
503,40,1,86599
1579,94,2,64888
432,64,1,50610
532,42,2,38374
1168,71,2,15578
489,78,3,78807
450,18,2,11800
405,90,2,96368
41,57,1,66719
1145,90,1,48184
1928,13,1,77776
213,9,2,215120
1555,71,2,15578
1381,16,2,279204
1791,81,2,62576
338,17,2,79144
1562,74,1,56506
1020,29,1,23764
1616,37,2,4498
1783,83,3,25272
1636,72,2,56870
1733,36,2,10132
1013,72,1,28435
194,43,4,46724
564,73,1,90092
529,91,1,12168
175,13,2,155552
288,89,4,34568
1411,84,2,5740
749,54,2,29200
255,81,1,31288
426,96,3,284511
1701,97,2,182394
1311,31,1,54837
212,41,1,11114
967,25,2,17214
109,43,2,23362
1343,81,1,31288
600,20,3,54858
879,69,2,27126
292,16,4,558408
298,21,2,36656
1781,79,2,52872
1455,8,4,238080
938,50,1,35335
722,54,4,58400
936,65,1,80053
1210,31,1,54837
515,38,1,14877
1558,56,1,83501
1100,11,1,85699
410,32,2,43320
369,5,4,290580
462,23,2,72910
860,26,2,63864
23,48,2,68392
1090,18,2,11800
96,73,2,180184
1492,60,2,92290
1024,17,2,79144
524,78,2,52538
550,65,2,160106
1606,11,1,85699
1330,15,4,495388
1404,23,2,72910
1822,58,1,102455
1357,85,1,3355
1021,60,2,92290
1478,27,2,152096
1293,15,1,123847
417,91,4,48672
1009,9,2,215120
943,94,3,97332
1560,35,1,16427
1841,25,1,8607
317,26,1,31932
1355,99,1,5492
58,91,2,24336
1357,79,1,26436
582,91,2,24336
1228,41,1,11114
1915,37,1,2249
1367,48,1,34196
170,51,1,47309
481,86,1,7664
827,26,2,63864
692,27,2,152096
614,83,1,8424
1839,34,4,65184
475,91,1,12168
1801,31,1,54837
532,44,4,48932
1442,58,2,204910
1517,44,3,36699
390,70,1,12040
1845,41,3,33342
964,90,1,48184
802,69,2,27126
173,53,1,84749
553,100,1,26451
1749,45,1,83119
1594,77,3,115074
968,32,1,21660
1184,92,1,43938
1570,48,1,34196
1135,74,2,113012
1424,92,1,43938
993,45,1,83119
1645,97,2,182394
971,60,4,184580
501,98,1,59098
1792,73,2,180184
1443,31,2,109674
858,30,1,6145
497,84,1,2870
1470,44,2,24466
806,17,3,118716
1906,92,3,131814
1085,48,2,68392
17,58,1,102455
1167,6,1,69980
104,22,4,47944
1847,37,1,2249
1196,95,1,10925
1410,8,1,59520
50,49,1,61642
801,45,2,166238
677,66,4,151668
1246,12,1,119942
289,16,2,279204
1759,91,1,12168
139,92,1,43938
195,87,1,19236
1629,75,2,14736
402,96,1,94837
102,56,1,83501
1601,44,1,12233
1197,44,1,12233
1113,96,2,189674
1060,65,1,80053
50,9,1,107560
1545,35,2,32854
205,46,1,90175
301,25,2,17214
1559,31,2,109674
1455,33,2,26130
378,55,3,112575
934,41,2,22228
1442,32,1,21660
83,93,1,90445
67,6,1,69980
232,54,4,58400
1769,59,4,515600
231,83,1,8424
1200,18,3,17700
467,47,1,75451
1887,84,2,5740
106,63,3,370626
48,62,2,198484
1156,32,4,86640
29,13,3,233328
181,87,1,19236
1623,79,1,26436
266,100,3,79353
1536,100,1,26451
230,100,3,79353
487,62,1,99242
76,51,2,94618
1052,8,2,119040
1580,81,2,62576
1445,93,1,90445
322,55,2,75050
1740,64,1,50610
644,97,1,91197
1759,7,2,65422
44,45,2,166238
97,81,1,31288
1331,12,2,239884
125,18,1,5900
1918,40,1,86599
238,81,2,62576
1961,56,2,167002
1830,61,1,132454
192,93,1,90445
977,34,1,16296
770,70,1,12040
1303,55,3,112575
1978,20,1,18286
1242,93,2,180890
1971,47,1,75451
1543,35,1,16427
491,15,1,123847
465,83,4,33696
1320,67,1,30927
1288,74,2,113012
1761,99,1,5492
1331,54,3,43800
1049,12,1,119942
690,56,2,167002
939,67,1,30927
1011,39,1,6484
1179,22,2,23972
743,86,2,15328
1058,46,1,90175
1202,59,1,128900
1969,55,3,112575
1270,26,3,95796
1808,59,1,128900
1282,66,1,37917
956,30,4,24580
465,38,1,14877
364,60,3,138435
1062,39,2,12968
1534,57,2,133438
1422,90,3,144552
1126,2,3,118728
1249,36,1,5066
1286,52,1,19311
561,11,2,171398
960,62,1,99242
1969,47,1,75451
1020,79,2,52872
800,99,2,10984
966,32,4,86640
1381,96,2,189674
212,22,4,47944
641,45,4,332476
1470,4,2,55966
1653,63,4,494168
369,7,2,65422
1009,15,1,123847
1746,99,2,10984
501,28,4,58628
1431,32,4,86640
558,4,4,111932
674,95,1,10925
1389,19,1,19185
162,8,1,59520
189,53,1,84749
1026,76,1,29417
597,58,1,102455
1318,63,3,370626
649,37,2,4498
1026,90,2,96368
1233,50,1,35335
763,79,2,52872
1102,82,1,4775
910,29,1,23764
624,38,3,44631
1751,69,1,13563
452,31,2,109674
543,1,1,18728
116,55,4,150100
1559,74,1,56506
885,4,4,111932
1228,29,3,71292
1999,43,2,23362
1307,44,1,12233
1030,5,1,72645
1113,98,1,59098
657,11,2,171398
264,83,1,8424
1767,19,4,76740
377,4,1,27983
123,21,1,18328
1114,96,3,284511
898,56,4,334004
194,51,1,47309
1993,72,1,28435
1876,83,3,25272
1953,6,1,69980
53,80,2,30320
1002,49,2,123284
1676,81,1,31288
1181,25,1,8607
64,55,1,37525
948,92,1,43938
400,90,2,96368
1234,35,1,16427
260,97,4,364788
160,82,1,4775
1580,50,1,35335
1178,45,4,332476
1170,64,3,151830
1494,65,3,240159
723,82,1,4775
1659,92,1,43938
1472,30,1,6145
561,51,3,141927
600,63,2,247084
131,37,2,4498
551,48,2,68392
1531,66,2,75834
1446,54,3,43800
44,34,2,32592
1770,23,3,109365
548,48,3,102588
260,61,4,529816
613,23,3,109365
1640,54,2,29200
1292,68,1,6469
141,37,4,8996
1927,55,1,37525
984,3,2,178076
157,63,2,247084
1692,23,2,72910
1620,50,2,70670
1611,76,1,29417
1099,81,2,62576
1744,19,1,19185
1308,73,2,180184
98,20,1,18286
402,84,4,11480
1702,65,2,160106
442,34,1,16296
1122,6,1,69980
574,28,1,14657
325,27,1,76048
956,47,1,75451
1454,36,2,10132
1423,86,2,15328
840,35,3,49281
955,59,2,257800
1757,68,1,6469
1773,10,1,80954
1598,15,1,123847
1405,67,1,30927
1907,51,4,189236
462,15,4,495388
1808,51,1,47309
320,15,2,247694
1220,5,1,72645
1881,25,2,17214
1059,57,1,66719
1453,80,4,60640
709,99,1,5492
913,40,1,86599
1559,65,1,80053
1943,30,3,18435
1603,81,1,31288
1542,67,1,30927
852,71,1,7789
1854,18,1,5900
865,82,3,14325
956,2,4,158304
580,31,2,109674
1518,31,1,54837
1903,14,2,214946
812,100,2,52902
1641,92,3,131814
1754,2,3,118728
67,46,1,90175
1261,20,1,18286
150,50,1,35335
865,36,1,5066
594,38,2,29754
1959,34,1,16296
1760,20,1,18286
1824,22,1,11986
263,31,1,54837
378,46,2,180350
1228,46,2,180350
913,42,1,19187
1630,97,3,273591
200,59,2,257800
1594,16,1,139602
276,54,1,14600
1052,93,3,271335
954,15,1,123847
898,91,2,24336
778,31,1,54837
948,95,4,43700
787,82,1,4775
1102,56,1,83501
1697,31,1,54837
275,79,4,105744
1953,97,2,182394
1777,51,3,141927
1576,55,2,75050
1208,60,1,46145
411,44,2,24466
344,12,1,119942
1535,58,2,204910
901,31,1,54837
1421,16,3,418806
1317,76,1,29417
1147,8,2,119040
586,75,3,22104
25,66,2,75834
1579,71,4,31156
1991,53,1,84749
1524,68,3,19407
297,53,4,338996
1136,86,1,7664
1918,32,1,21660
1747,10,3,242862
1499,58,2,204910
1636,9,2,215120
1135,25,1,8607
775,99,2,10984
1472,6,3,209940
396,78,4,105076
359,33,1,13065
1999,100,2,52902
242,88,1,2303
1169,92,1,43938
1648,32,4,86640
936,79,1,26436
1050,45,1,83119
784,55,2,75050
1869,31,1,54837
1141,95,1,10925
846,3,1,89038
1879,39,2,12968
1915,20,2,36572
259,62,1,99242
51,89,2,17284
695,66,3,113751
1740,50,1,35335
1510,18,2,11800
1411,93,4,361780
352,55,1,37525
87,82,1,4775
1960,2,2,79152
1115,74,2,113012
171,26,2,63864
54,66,3,113751
470,57,3,200157
432,74,1,56506
719,88,4,9212
1537,38,2,29754
1590,31,2,109674
1064,70,2,24080
1720,37,3,6747
1878,75,3,22104
1791,22,3,35958
1220,82,4,19100
81,48,1,34196
544,87,1,19236
597,32,1,21660
301,33,1,13065
525,98,2,118196
92,57,1,66719
122,83,1,8424
1230,44,1,12233
1408,91,3,36504
1584,2,4,158304
1116,84,1,2870
1000,99,2,10984
443,8,3,178560
1358,38,4,59508
1056,49,3,184926
1513,63,1,123542
1057,64,2,101220
38,71,1,7789
317,37,1,2249
1213,64,1,50610
652,93,2,180890
1392,80,2,30320
1810,26,2,63864
1101,24,1,119477
457,72,3,85305
884,94,1,32444
1682,57,1,66719
956,40,2,173198
1618,16,1,139602
1239,25,1,8607
1155,5,2,145290
511,30,2,12290
1943,20,1,18286
761,95,1,10925
1947,84,2,5740
1383,77,2,76716
1808,54,3,43800
917,6,2,139960
300,66,2,75834
1980,66,2,75834
287,28,2,29314
746,64,1,50610
504,10,2,161908
659,34,1,16296
551,47,2,150902
229,91,2,24336
1721,46,1,90175
472,26,2,63864
481,20,1,18286
1941,20,1,18286
1394,41,1,11114
1058,34,1,16296
638,60,2,92290
618,92,3,131814
643,89,1,8642
24,71,1,7789
913,89,2,17284
677,31,4,219348
573,41,2,22228
1754,50,1,35335
1990,100,1,26451
1249,42,1,19187
1150,19,1,19185
1688,20,4,73144
169,67,1,30927
690,59,2,257800
1978,38,1,14877
519,82,1,4775
518,5,2,145290
1029,21,1,18328
1738,29,1,23764
668,42,1,19187
31,29,1,23764
983,16,1,139602
687,52,1,19311
252,37,2,4498
1192,46,1,90175
1879,72,1,28435
439,76,1,29417
70,9,4,430240
1771,97,3,273591
802,85,2,6710
1307,84,1,2870
1554,72,1,28435
1314,18,1,5900
337,27,1,76048
537,16,1,139602
1931,85,2,6710
605,4,1,27983
791,89,1,8642
68,34,1,16296
1181,3,1,89038
1029,78,3,78807
361,28,1,14657
997,64,1,50610
1621,38,1,14877
618,83,3,25272
650,16,2,279204
232,16,2,279204
1253,75,4,29472
1397,42,4,76748
1959,34,2,32592
94,90,1,48184
1703,13,4,311104
186,70,2,24080
1862,20,4,73144
1545,82,2,9550
733,9,4,430240
973,46,2,180350
1896,34,2,32592
959,24,1,119477
1813,75,1,7368
1037,42,3,57561
1940,57,2,133438
1727,95,1,10925
383,88,3,6909
486,68,1,6469
1048,40,1,86599
1146,39,1,6484
489,58,1,102455
968,61,2,264908
188,33,3,39195
1904,89,1,8642
1389,29,2,47528
1696,72,2,56870
76,17,4,158288
1576,23,1,36455
73,69,3,40689
79,64,1,50610
992,71,2,15578
810,82,2,9550
10,81,1,31288
1030,61,4,529816
1592,49,1,61642
710,58,1,102455
1808,81,1,31288
1812,8,1,59520
551,63,2,247084
48,87,1,19236
1686,27,1,76048
1100,37,1,2249
741,27,1,76048
998,56,2,167002
1733,37,1,2249
1950,10,1,80954
1242,13,2,155552
1449,41,1,11114
597,47,2,150902
1062,47,3,226353
1227,20,1,18286
449,51,4,189236
1525,58,4,409820
1382,93,1,90445
913,87,1,19236
589,44,4,48932
635,29,2,47528
995,12,1,119942
694,24,1,119477
64,65,1,80053
1680,55,1,37525
487,26,1,31932
1936,2,4,158304
618,53,1,84749
620,81,2,62576
58,95,1,10925
898,15,1,123847
714,19,1,19185
1946,84,1,2870
1788,75,2,14736
553,51,2,94618
549,72,1,28435
824,64,3,151830
1664,28,2,29314
10,72,1,28435
1221,7,2,65422
1146,91,1,12168
1448,31,2,109674
1951,51,2,94618
388,32,2,43320
1006,20,2,36572
230,50,2,70670
1515,30,1,6145
1526,24,1,119477
980,68,4,25876
1750,79,2,52872
728,96,1,94837
68,33,1,13065
1191,55,4,150100
835,70,1,12040
1008,30,4,24580
1315,35,1,16427
906,31,1,54837
82,45,2,166238
509,21,2,36656
609,86,2,15328
1046,76,2,58834
715,30,2,12290
295,10,2,161908
1414,13,1,77776
1811,9,3,322680
979,10,1,80954
1593,76,1,29417
35,34,2,32592
1029,14,2,214946
1309,15,2,247694
38,51,1,47309
841,66,1,37917
212,47,1,75451
1264,83,2,16848
1177,11,1,85699
1443,47,4,301804
1811,6,4,279920
927,79,1,26436
608,64,3,151830
893,80,1,15160
388,26,1,31932
313,96,2,189674
1008,50,1,35335
1723,35,2,32854
1656,78,2,52538
353,34,1,16296
502,5,4,290580
724,36,1,5066
711,49,2,123284
536,97,4,364788
1763,28,3,43971
40,44,2,24466
642,73,1,90092
1201,9,1,107560
1019,27,4,304192
1234,3,3,267114
529,39,4,25936
1783,21,1,18328
1391,49,4,246568
663,43,1,11681
18,45,1,83119
17,17,2,79144
58,58,1,102455
763,27,1,76048
510,38,2,29754
1397,74,1,56506
53,10,4,323816
81,6,2,139960
1692,70,1,12040
284,56,1,83501
1897,49,1,61642
1704,27,2,152096
204,49,1,61642
1105,56,1,83501
1668,17,1,39572
230,84,4,11480
1318,83,1,8424
1945,11,1,85699
1288,36,4,20264
1516,15,2,247694
1821,6,4,279920
1773,23,2,72910
19,85,2,6710
468,62,1,99242
698,89,3,25926
626,67,1,30927
59,64,1,50610
1071,13,4,311104
207,13,3,233328
676,95,1,10925
110,8,1,59520
1260,31,4,219348
762,60,1,46145
1723,10,3,242862
87,59,2,257800
871,68,3,19407
1442,28,3,43971
1774,75,1,7368
226,16,1,139602
1845,81,2,62576
781,15,2,247694
567,45,1,83119
752,41,4,44456
1461,7,1,32711
1474,32,4,86640
1610,1,1,18728
1435,41,1,11114
55,37,1,2249
297,40,1,86599
1252,2,1,39576
1176,51,2,94618
49,63,1,123542
1957,3,4,356152
484,5,3,217935
1979,24,2,238954
674,85,3,10065
1735,29,2,47528
1518,1,1,18728
1917,8,2,119040
364,67,1,30927
1651,47,4,301804
1807,14,1,107473
995,36,1,5066
1116,95,1,10925
698,10,2,161908
1318,26,2,63864
1979,50,1,35335
1822,27,2,152096
1222,95,2,21850
1481,78,3,78807
551,86,1,7664
201,55,1,37525
941,57,2,133438
111,86,1,7664
546,10,3,242862
53,36,1,5066
1195,78,1,26269
1207,44,1,12233
798,59,1,128900
428,75,1,7368
307,99,1,5492
1279,99,2,10984
1358,86,3,22992
958,74,1,56506
1154,96,1,94837
664,8,4,238080
1368,11,1,85699
1670,97,1,91197
150,8,1,59520
668,2,1,39576
1260,51,2,94618
1813,77,1,38358
1786,85,2,6710
1313,28,1,14657
1270,5,1,72645
15,7,1,32711
1687,12,3,359826
1234,35,4,65708
194,98,2,118196
1986,37,4,8996
1514,36,3,15198
334,71,1,7789
1433,9,2,215120
1766,53,1,84749
1506,61,4,529816
1552,53,2,169498
839,16,1,139602
1346,41,2,22228
1859,66,4,151668
1791,80,1,15160
867,58,1,102455
136,86,2,15328
853,61,1,132454
426,24,1,119477
1004,91,4,48672
925,9,1,107560
343,96,1,94837
923,12,1,119942
751,87,3,57708
516,90,1,48184
593,13,3,233328
1873,51,2,94618
1867,52,1,19311
662,52,1,19311
546,76,1,29417
1314,42,2,38374
482,23,1,36455
1726,95,1,10925
1675,71,1,7789
1791,62,1,99242
817,41,2,22228
1718,60,4,184580
1332,80,2,30320
294,29,1,23764
1101,63,1,123542
1795,73,1,90092
1217,82,2,9550
1507,27,2,152096
1968,61,3,397362
1058,5,2,145290
1699,36,2,10132
1710,43,1,11681
1142,89,3,25926
1152,17,1,39572
27,88,1,2303
1906,25,2,17214
1510,48,2,68392
1232,60,1,46145
700,14,1,107473
412,4,2,55966
566,73,4,360368
1805,67,1,30927
369,53,2,169498
1671,66,2,75834
1316,12,3,359826
699,76,1,29417
1089,27,1,76048
943,65,2,160106
1952,54,1,14600
1667,28,1,14657
256,51,1,47309
183,70,1,12040
1887,28,2,29314
666,69,1,13563
1463,55,1,37525
290,94,1,32444
1938,74,1,56506
1750,87,1,19236
1470,52,1,19311
2,28,1,14657
1983,16,1,139602
919,100,1,26451
1002,54,1,14600
1148,12,2,239884
733,89,2,17284
946,22,1,11986
867,60,2,92290
1801,57,3,200157
1894,12,1,119942
1408,88,2,4606
1284,71,1,7789
619,3,1,89038
1164,89,3,25926
1848,26,1,31932
559,64,1,50610
334,49,2,123284
38,14,1,107473
1287,24,1,119477
1574,92,2,87876
566,65,1,80053
65,38,1,14877
1116,85,1,3355
1925,45,3,249357
129,90,3,144552
1816,45,1,83119
1897,1,1,18728
1272,7,2,65422
547,69,1,13563
843,41,1,11114
1181,79,4,105744
1397,63,2,247084
1064,86,4,30656
686,70,3,36120
625,95,2,21850
1969,88,2,4606
1405,98,1,59098
121,39,2,12968
1562,38,1,14877
1724,9,1,107560
1640,87,1,19236
721,9,1,107560
231,3,1,89038
742,28,2,29314
1336,66,1,37917
181,8,1,59520
261,85,2,6710
1194,39,2,12968
920,69,1,13563
179,7,2,65422
1766,32,1,21660
526,50,2,70670
1065,37,1,2249
1683,50,1,35335
848,5,2,145290
757,20,2,36572
659,55,1,37525
701,66,4,151668
1639,25,1,8607
766,82,2,9550
455,96,1,94837
259,64,1,50610
193,68,1,6469
1410,77,3,115074
1027,81,1,31288
336,19,2,38370
259,67,4,123708
1992,99,1,5492
1617,14,1,107473
1156,57,2,133438
118,75,2,14736
339,92,2,87876
738,53,1,84749
187,72,1,28435
896,67,4,123708
974,63,2,247084
548,3,1,89038
1451,61,2,264908
1047,56,1,83501
298,92,3,131814
1350,72,1,28435
1867,31,2,109674
645,80,2,30320
1563,20,4,73144
15,4,1,27983
1396,70,3,36120
1839,13,1,77776
1523,96,1,94837
1661,74,1,56506
1589,85,3,10065
659,21,2,36656
1639,96,1,94837
1457,72,2,56870
1125,48,4,136784
1632,49,2,123284
1478,99,1,5492
235,30,1,6145
1628,65,1,80053
1353,78,2,52538
1580,39,4,25936
176,92,1,43938
1441,96,2,189674
1698,71,1,7789
1512,72,2,56870
977,31,1,54837
1911,89,1,8642
423,91,4,48672
863,75,1,7368
1504,8,2,119040
748,25,1,8607
1707,96,1,94837
829,47,1,75451
1286,44,1,12233
222,74,1,56506
1438,40,1,86599
188,67,1,30927
1410,34,2,32592
241,59,1,128900
1271,82,4,19100
667,60,2,92290
1465,83,1,8424
638,64,1,50610
1501,12,1,119942
1059,38,2,29754
1374,62,1,99242
1595,35,2,32854
109,87,1,19236
1052,93,1,90445
383,22,1,11986
1431,91,1,12168
12,16,1,139602
1361,66,1,37917
872,97,1,91197
352,62,1,99242
768,81,1,31288
583,33,1,13065
817,4,3,83949
1935,59,2,257800
323,69,1,13563
60,43,2,23362
1320,28,1,14657
141,94,3,97332
812,74,3,169518
1292,19,1,19185
498,22,2,23972
1966,9,4,430240
833,77,2,76716
1843,55,2,75050
740,50,1,35335
534,78,1,26269
1195,37,1,2249
1470,97,3,273591
609,69,3,40689
344,85,2,6710
638,13,2,155552
603,67,4,123708
1635,4,1,27983
1766,9,3,322680
74,1,3,56184
140,13,2,155552
1414,51,1,47309
943,20,3,54858
872,6,1,69980
1530,49,4,246568
199,96,3,284511
753,59,2,257800
838,44,1,12233
852,4,1,27983
1858,13,1,77776
1602,19,3,57555
1177,69,1,13563
854,11,1,85699
1575,73,1,90092
129,99,2,10984
1861,17,2,79144
19,49,2,123284
1885,14,2,214946
1888,20,2,36572
929,27,1,76048
1157,69,1,13563
266,10,1,80954
1383,57,4,266876
776,19,2,38370
30,43,1,11681
706,24,1,119477
260,82,1,4775
1735,87,2,38472
1428,38,3,44631
534,39,1,6484
667,13,2,155552
716,29,2,47528
11,2,1,39576
467,96,1,94837
1892,33,1,13065
1162,59,2,257800
554,77,3,115074
1182,81,1,31288
641,2,3,118728
1568,72,2,56870
787,39,2,12968
903,94,4,129776
76,13,2,155552
66,34,1,16296
1772,90,1,48184
1081,33,2,26130
1118,50,2,70670
1002,61,2,264908
1817,57,2,133438
1825,79,1,26436
103,36,1,5066
992,29,4,95056
458,94,1,32444
1607,10,1,80954
1958,40,1,86599
1311,34,2,32592
1244,13,3,233328
808,80,2,30320
1665,79,2,52872
879,77,2,76716
645,59,2,257800
1147,54,1,14600
1437,6,2,139960
1739,99,2,10984
1008,7,1,32711
393,61,1,132454
890,71,2,15578
551,95,2,21850
1760,31,2,109674
1128,44,1,12233
751,17,4,158288
82,64,1,50610
1271,88,1,2303
920,88,1,2303
578,20,1,18286
23,48,1,34196
332,75,3,22104
1572,92,2,87876
1327,34,1,16296
439,35,2,32854
1572,85,4,13420
1720,38,4,59508
1895,8,3,178560
1978,25,4,34428
1154,12,2,239884
42,94,4,129776
752,61,1,132454
140,44,4,48932
167,84,1,2870
1973,78,1,26269
1771,96,1,94837
620,82,1,4775
1605,17,2,79144
36,17,3,118716
790,18,3,17700
908,17,1,39572
1883,64,2,101220
1440,95,1,10925
534,36,1,5066
381,94,2,64888
239,47,1,75451
1485,84,1,2870
553,54,1,14600
1310,90,1,48184
651,46,1,90175
689,54,3,43800
1756,67,1,30927
1742,71,1,7789
1782,50,1,35335
1399,68,1,6469
1483,25,1,8607
1426,47,2,150902
452,58,1,102455
749,52,1,19311
1009,43,1,11681
1239,41,2,22228
1098,2,4,158304
1814,24,1,119477
323,81,4,125152
794,28,1,14657
1417,14,1,107473
453,93,1,90445
308,85,2,6710
1021,88,3,6909
918,86,2,15328
460,75,2,14736
1134,99,2,10984
236,92,4,175752
1564,90,1,48184
1296,68,3,19407
1131,25,2,17214
1226,93,1,90445
36,57,3,200157
1265,60,4,184580
393,49,2,123284
1551,25,3,25821
1162,2,3,118728
1745,30,1,6145
1438,32,1,21660
1441,80,4,60640
795,23,2,72910
876,30,4,24580
696,20,3,54858
1522,63,1,123542
918,7,2,65422
293,38,1,14877
1338,46,1,90175
996,58,1,102455
749,71,4,31156
543,57,1,66719
1808,66,1,37917
1587,10,1,80954
1928,39,1,6484
400,41,3,33342
929,11,2,171398
726,5,3,217935
687,15,3,371541
1155,46,3,270525
1821,42,1,19187
647,81,1,31288
577,87,2,38472
1286,29,2,47528
1704,68,3,19407
1910,75,1,7368
1023,82,1,4775
1471,6,4,279920
644,60,1,46145
1647,11,1,85699
478,10,3,242862
1846,29,1,23764
358,24,1,119477
1791,49,2,123284
333,6,3,209940
1134,90,1,48184
1600,70,3,36120
304,52,1,19311
227,59,2,257800
586,20,1,18286
586,26,1,31932
1592,61,1,132454
48,5,3,217935
419,14,2,214946
1540,34,1,16296
1012,67,1,30927
821,46,2,180350
341,61,4,529816
933,33,2,26130
753,32,1,21660
1587,47,4,301804
1701,84,1,2870
1325,21,2,36656
1324,25,2,17214
648,7,2,65422
1409,8,1,59520
646,19,2,38370
279,55,1,37525
761,54,1,14600
219,53,3,254247
863,21,2,36656
1685,85,1,3355
331,4,4,111932
557,67,1,30927
633,24,1,119477
885,98,1,59098
1986,50,1,35335
1113,60,1,46145
1284,38,1,14877
771,46,1,90175
1116,16,1,139602
344,55,3,112575
140,7,1,32711
1850,17,1,39572
1099,46,2,180350
1431,91,4,48672
1154,40,1,86599
1271,40,2,173198
86,13,1,77776
1467,31,4,219348
286,7,3,98133
951,58,1,102455
1162,99,4,21968
854,58,2,204910
813,38,2,29754
1908,1,2,37456
825,69,1,13563
1377,99,1,5492
719,24,4,477908
428,61,2,264908
1718,52,1,19311
1062,10,1,80954
1540,43,1,11681
1155,35,4,65708
212,40,1,86599
356,93,2,180890
283,71,3,23367
349,65,1,80053
991,98,1,59098
1853,29,1,23764
1960,18,2,11800
399,70,2,24080
523,77,4,153432
1240,18,2,11800
1112,44,1,12233
1905,83,1,8424
1556,61,1,132454
1766,95,1,10925
928,57,2,133438
438,2,4,158304
67,21,1,18328
1905,17,1,39572
1121,99,3,16476
1514,96,2,189674
200,89,3,25926
1679,30,2,12290
505,14,1,107473
1944,3,4,356152
1473,7,4,130844
1304,36,1,5066
1790,92,1,43938
787,71,1,7789
1223,22,1,11986
799,23,2,72910
154,62,4,396968
774,26,1,31932
1752,18,2,11800
1560,90,1,48184
1554,29,2,47528
372,22,3,35958
79,64,3,151830
1706,15,2,247694
412,64,1,50610
940,91,4,48672
1238,54,1,14600
1484,52,1,19311
1050,27,1,76048
1231,93,1,90445
221,96,1,94837
236,94,4,129776
821,14,3,322419
1506,24,1,119477
814,87,1,19236
1643,29,1,23764
311,51,2,94618
1434,48,1,34196
1623,33,2,26130
1354,96,3,284511
1219,34,1,16296
425,20,2,36572
1501,83,2,16848
677,57,1,66719
882,100,1,26451
369,17,1,39572
1572,25,1,8607
766,19,3,57555
1045,90,1,48184
962,37,1,2249
1351,5,3,217935
104,49,4,246568
1564,3,3,267114
1306,99,1,5492
460,38,2,29754
1770,91,1,12168
687,90,3,144552
44,24,1,119477
1450,77,2,76716
1495,14,3,322419
209,49,2,123284
1681,28,4,58628
1799,3,1,89038
1996,84,1,2870
147,48,2,68392
85,77,1,38358
1364,96,1,94837
1431,6,1,69980
1928,1,1,18728
1004,58,2,204910
1948,91,1,12168
1728,31,2,109674
88,19,1,19185
609,50,1,35335
1229,4,2,55966
1774,50,2,70670
731,46,1,90175
1623,81,1,31288
1797,42,2,38374
505,82,1,4775
823,84,1,2870
197,83,1,8424
1298,71,1,7789
645,22,2,23972
946,33,1,13065
931,100,1,26451
1783,62,4,396968
159,25,4,34428
445,81,1,31288
944,30,2,12290
1819,86,1,7664
1529,2,2,79152
361,85,2,6710
434,36,1,5066
1251,61,1,132454
1994,73,4,360368
624,99,1,5492
89,37,1,2249
1678,40,2,173198
1129,60,1,46145
508,10,2,161908
420,35,2,32854
1202,46,3,270525
673,14,2,214946
595,37,2,4498
392,2,1,39576
1832,53,3,254247
1258,64,1,50610
1536,90,3,144552
829,93,2,180890
49,26,4,127728
399,60,3,138435
1841,63,1,123542
1980,90,3,144552
723,67,1,30927
142,35,3,49281
348,39,1,6484
533,81,1,31288
1567,41,2,22228
1496,23,1,36455
1255,57,1,66719
1851,23,1,36455
466,32,4,86640
1453,92,2,87876
134,56,2,167002
1594,96,1,94837
1331,26,1,31932
479,89,1,8642
1080,86,4,30656
1860,28,2,29314
231,29,2,47528
971,45,1,83119
547,22,2,23972
1278,62,1,99242
1906,7,1,32711
326,79,1,26436
1922,33,1,13065
433,34,1,16296
962,30,2,12290
1804,100,4,105804
666,53,1,84749
1976,38,1,14877
1427,26,1,31932
1586,33,1,13065
863,36,1,5066
1982,2,2,79152
1132,63,1,123542
415,12,1,119942
671,31,1,54837
262,39,1,6484
840,14,4,429892
1655,9,2,215120
1632,16,1,139602
1320,58,2,204910
1778,65,3,240159
1985,93,2,180890
1702,55,2,75050
1377,62,1,99242
840,42,2,38374
1713,100,1,26451
1075,36,2,10132
1528,13,1,77776
1708,79,2,52872
1203,47,1,75451
881,53,1,84749
702,25,2,17214
1518,97,1,91197
917,58,1,102455
280,1,1,18728
1349,39,4,25936
110,28,1,14657
954,89,1,8642
1873,34,2,32592
1109,60,1,46145
127,17,1,39572
807,69,2,27126
1521,99,4,21968
1423,97,2,182394
1564,98,1,59098
696,67,1,30927
78,17,4,158288
1687,9,2,215120
1986,47,2,150902
322,40,1,86599
1059,95,1,10925
1921,19,4,76740
299,86,2,15328
1980,1,1,18728
1966,21,2,36656
1080,48,3,102588
622,54,1,14600
1702,100,4,105804
1349,71,2,15578
1671,46,3,270525
1526,2,2,79152
417,42,1,19187
1766,20,1,18286
1111,48,2,68392
1332,60,1,46145
607,65,1,80053
772,88,2,4606
820,55,1,37525
1241,44,2,24466
462,16,1,139602
1773,56,3,250503
1702,38,2,29754
135,8,1,59520
1151,7,2,65422
1523,83,1,8424
657,60,2,92290
1028,34,1,16296
1306,16,4,558408
1609,5,2,145290
493,47,1,75451
1056,10,1,80954
972,78,2,52538
1919,85,2,6710
664,5,1,72645
1808,33,3,39195
349,80,1,15160
121,81,1,31288
523,30,2,12290
1998,48,1,34196
808,30,1,6145
1485,52,1,19311
548,22,2,23972
1029,6,3,209940
1097,53,4,338996
50,5,1,72645
1226,63,4,494168
1782,11,1,85699
1605,23,1,36455
1465,91,2,24336
836,18,1,5900
1372,50,1,35335
308,34,1,16296
1916,79,1,26436
1858,1,4,74912
1874,46,1,90175
886,43,2,23362
536,65,4,320212
1128,45,1,83119
332,62,4,396968
628,12,1,119942
1789,4,1,27983
1500,73,2,180184
777,66,2,75834
1227,78,1,26269
508,56,2,167002
1544,40,1,86599
498,35,1,16427
261,43,1,11681
569,8,2,119040
307,12,4,479768
1621,68,2,12938
847,75,1,7368
970,57,1,66719
1557,44,2,24466
1676,61,2,264908
767,11,4,342796
1424,51,1,47309
1576,20,1,18286
1134,8,1,59520
871,19,2,38370
1163,92,1,43938
1861,88,2,4606
1633,51,1,47309
46,83,1,8424
402,99,4,21968
1356,82,1,4775
417,19,1,19185
975,48,1,34196
1007,89,4,34568
1371,94,3,97332
1842,65,3,240159
399,89,2,17284
947,22,4,47944
1651,17,2,79144
129,20,1,18286
1209,11,1,85699
1381,37,2,4498
1820,97,1,91197
353,97,1,91197
1926,59,2,257800
630,53,2,169498
1540,57,2,133438
1048,78,1,26269
1291,98,2,118196
1417,91,4,48672
1056,35,2,32854
1573,54,1,14600
1217,56,2,167002
1763,17,1,39572
611,11,1,85699
279,1,1,18728
212,69,2,27126
1970,79,1,26436
1085,20,1,18286
560,6,2,139960
320,62,3,297726
1827,84,3,8610
1492,37,1,2249
194,32,2,43320
1015,69,1,13563
65,36,2,10132
698,26,2,63864
753,44,2,24466
859,70,2,24080
1864,59,1,128900
685,92,2,87876
1413,30,1,6145
1182,75,1,7368
1766,32,1,21660
297,5,1,72645
1752,99,2,10984
1752,8,4,238080
725,80,4,60640
1882,90,1,48184
1324,30,1,6145
205,14,1,107473
185,82,2,9550
935,78,1,26269
875,79,1,26436
378,68,2,12938
269,98,2,118196
1502,67,2,61854
1816,19,1,19185
1339,58,2,204910
853,63,1,123542
1095,49,2,123284
1360,88,1,2303
116,50,1,35335
1930,52,1,19311
1429,49,1,61642
58,85,2,6710
